sample_id,cell_id,cell_name,nwb_file_name
20171204_sample_2,GTOKH-2,sub-mouse-GTOKH_ses-20171204-sample-2_slice-20171204-slice-2_cell-20171204-sample-2_icephys,sub-mouse-GTOKH_ses-20171204-sample-2_slice-20171204-slice-2_cell-20171204-sample-2_icephys.nwb
20171204_sample_4,GTOKH-4,sub-mouse-GTOKH_ses-20171204-sample-4_slice-20171204-slice-4_cell-20171204-sample-4_icephys,sub-mouse-GTOKH_ses-20171204-sample-4_slice-20171204-slice-4_cell-20171204-sample-4_icephys.nwb
20171204_sample_5,GTOKH-5,sub-mouse-GTOKH_ses-20171204-sample-5_slice-20171204-slice-5_cell-20171204-sample-5_icephys,sub-mouse-GTOKH_ses-20171204-sample-5_slice-20171204-slice-5_cell-20171204-sample-5_icephys.nwb
20171204_sample_6,GTOKH-6,sub-mouse-GTOKH_ses-20171204-sample-6_slice-20171204-slice-6_cell-20171204-sample-6_icephys,sub-mouse-GTOKH_ses-20171204-sample-6_slice-20171204-slice-6_cell-20171204-sample-6_icephys.nwb
20171207_sample_1,UGZSW-1,sub-mouse-UGZSW_ses-20171207-sample-1_slice-20171207-slice-1_cell-20171207-sample-1_icephys,sub-mouse-UGZSW_ses-20171207-sample-1_slice-20171207-slice-1_cell-20171207-sample-1_icephys.nwb
20171207_sample_2,UGZSW-2,sub-mouse-UGZSW_ses-20171207-sample-2_slice-20171207-slice-2_cell-20171207-sample-2_icephys,sub-mouse-UGZSW_ses-20171207-sample-2_slice-20171207-slice-2_cell-20171207-sample-2_icephys.nwb
20171207_sample_6,UGZSW-6,sub-mouse-UGZSW_ses-20171207-sample-6_slice-20171207-slice-6_cell-20171207-sample-6_icephys,sub-mouse-UGZSW_ses-20171207-sample-6_slice-20171207-slice-6_cell-20171207-sample-6_icephys.nwb
20171207_sample_7,UGZSW-7,sub-mouse-UGZSW_ses-20171207-sample-7_slice-20171207-slice-7_cell-20171207-sample-7_icephys,sub-mouse-UGZSW_ses-20171207-sample-7_slice-20171207-slice-7_cell-20171207-sample-7_icephys.nwb
20171219_sample_1,KKXUD-1,sub-mouse-KKXUD_ses-20171219-sample-1_slice-20171219-slice-1_cell-20171219-sample-1_icephys,sub-mouse-KKXUD_ses-20171219-sample-1_slice-20171219-slice-1_cell-20171219-sample-1_icephys.nwb
20171219_sample_2,KKXUD-2,sub-mouse-KKXUD_ses-20171219-sample-2_slice-20171219-slice-2_cell-20171219-sample-2_icephys,sub-mouse-KKXUD_ses-20171219-sample-2_slice-20171219-slice-2_cell-20171219-sample-2_icephys.nwb
20171219_sample_3,KKXUD-3,sub-mouse-KKXUD_ses-20171219-sample-3_slice-20171219-slice-3_cell-20171219-sample-3_icephys,sub-mouse-KKXUD_ses-20171219-sample-3_slice-20171219-slice-3_cell-20171219-sample-3_icephys.nwb
20171219_sample_4,KKXUD-4,sub-mouse-KKXUD_ses-20171219-sample-4_slice-20171219-slice-4_cell-20171219-sample-4_icephys,sub-mouse-KKXUD_ses-20171219-sample-4_slice-20171219-slice-4_cell-20171219-sample-4_icephys.nwb
20171219_sample_6,KKXUD-6,sub-mouse-KKXUD_ses-20171219-sample-6_slice-20171219-slice-6_cell-20171219-sample-6_icephys,sub-mouse-KKXUD_ses-20171219-sample-6_slice-20171219-slice-6_cell-20171219-sample-6_icephys.nwb
20171219_sample_7,KKXUD-7,sub-mouse-KKXUD_ses-20171219-sample-7_slice-20171219-slice-7_cell-20171219-sample-7_icephys,sub-mouse-KKXUD_ses-20171219-sample-7_slice-20171219-slice-7_cell-20171219-sample-7_icephys.nwb
20171219_sample_8,KKXUD-8,sub-mouse-KKXUD_ses-20171219-sample-8_slice-20171219-slice-8_cell-20171219-sample-8_icephys,sub-mouse-KKXUD_ses-20171219-sample-8_slice-20171219-slice-8_cell-20171219-sample-8_icephys.nwb
20180102_sample_1,HXCVU-1,sub-mouse-HXCVU_ses-20180102-sample-1_slice-20180102-slice-1_cell-20180102-sample-1_icephys,sub-mouse-HXCVU_ses-20180102-sample-1_slice-20180102-slice-1_cell-20180102-sample-1_icephys.nwb
20180102_sample_2,HXCVU-2,sub-mouse-HXCVU_ses-20180102-sample-2_slice-20180102-slice-2_cell-20180102-sample-2_icephys,sub-mouse-HXCVU_ses-20180102-sample-2_slice-20180102-slice-2_cell-20180102-sample-2_icephys.nwb
20180102_sample_3,HXCVU-3,sub-mouse-HXCVU_ses-20180102-sample-3_slice-20180102-slice-3_cell-20180102-sample-3_icephys,sub-mouse-HXCVU_ses-20180102-sample-3_slice-20180102-slice-3_cell-20180102-sample-3_icephys.nwb
20180102_sample_4,HXCVU-4,sub-mouse-HXCVU_ses-20180102-sample-4_slice-20180102-slice-4_cell-20180102-sample-4_icephys,sub-mouse-HXCVU_ses-20180102-sample-4_slice-20180102-slice-4_cell-20180102-sample-4_icephys.nwb
20180102_sample_5,HXCVU-5,sub-mouse-HXCVU_ses-20180102-sample-5_slice-20180102-slice-5_cell-20180102-sample-5_icephys,sub-mouse-HXCVU_ses-20180102-sample-5_slice-20180102-slice-5_cell-20180102-sample-5_icephys.nwb
20180103_sample_1,BXLFB-1,sub-mouse-BXLFB_ses-20180103-sample-1_slice-20180103-slice-1_cell-20180103-sample-1_icephys,sub-mouse-BXLFB_ses-20180103-sample-1_slice-20180103-slice-1_cell-20180103-sample-1_icephys.nwb
20180103_sample_2,BXLFB-2,sub-mouse-BXLFB_ses-20180103-sample-2_slice-20180103-slice-2_cell-20180103-sample-2_icephys,sub-mouse-BXLFB_ses-20180103-sample-2_slice-20180103-slice-2_cell-20180103-sample-2_icephys.nwb
20180103_sample_3,BXLFB-3,sub-mouse-BXLFB_ses-20180103-sample-3_slice-20180103-slice-3_cell-20180103-sample-3_icephys,sub-mouse-BXLFB_ses-20180103-sample-3_slice-20180103-slice-3_cell-20180103-sample-3_icephys.nwb
20180103_sample_4,BXLFB-4,sub-mouse-BXLFB_ses-20180103-sample-4_slice-20180103-slice-4_cell-20180103-sample-4_icephys,sub-mouse-BXLFB_ses-20180103-sample-4_slice-20180103-slice-4_cell-20180103-sample-4_icephys.nwb
20180103_sample_5,BXLFB-5,sub-mouse-BXLFB_ses-20180103-sample-5_slice-20180103-slice-5_cell-20180103-sample-5_icephys,sub-mouse-BXLFB_ses-20180103-sample-5_slice-20180103-slice-5_cell-20180103-sample-5_icephys.nwb
20180103_sample_6,BXLFB-6,sub-mouse-BXLFB_ses-20180103-sample-6_slice-20180103-slice-6_cell-20180103-sample-6_icephys,sub-mouse-BXLFB_ses-20180103-sample-6_slice-20180103-slice-6_cell-20180103-sample-6_icephys.nwb
20180103_sample_7,BXLFB-7,sub-mouse-BXLFB_ses-20180103-sample-7_slice-20180103-slice-7_cell-20180103-sample-7_icephys,sub-mouse-BXLFB_ses-20180103-sample-7_slice-20180103-slice-7_cell-20180103-sample-7_icephys.nwb
20180103_sample_8,BXLFB-8,sub-mouse-BXLFB_ses-20180103-sample-8_slice-20180103-slice-8_cell-20180103-sample-8_icephys,sub-mouse-BXLFB_ses-20180103-sample-8_slice-20180103-slice-8_cell-20180103-sample-8_icephys.nwb
20180104_sample_1,UALZV-1,sub-mouse-UALZV_ses-20180104-sample-1_slice-20180104-slice-1_cell-20180104-sample-1_icephys,sub-mouse-UALZV_ses-20180104-sample-1_slice-20180104-slice-1_cell-20180104-sample-1_icephys.nwb
20180104_sample_2,UALZV-2,sub-mouse-UALZV_ses-20180104-sample-2_slice-20180104-slice-2_cell-20180104-sample-2_icephys,sub-mouse-UALZV_ses-20180104-sample-2_slice-20180104-slice-2_cell-20180104-sample-2_icephys.nwb
20180104_sample_3,UALZV-3,sub-mouse-UALZV_ses-20180104-sample-3_slice-20180104-slice-3_cell-20180104-sample-3_icephys,sub-mouse-UALZV_ses-20180104-sample-3_slice-20180104-slice-3_cell-20180104-sample-3_icephys.nwb
20180104_sample_4,UALZV-4,sub-mouse-UALZV_ses-20180104-sample-4_slice-20180104-slice-4_cell-20180104-sample-4_icephys,sub-mouse-UALZV_ses-20180104-sample-4_slice-20180104-slice-4_cell-20180104-sample-4_icephys.nwb
20180104_sample_6,UALZV-6,sub-mouse-UALZV_ses-20180104-sample-6_slice-20180104-slice-6_cell-20180104-sample-6_icephys,sub-mouse-UALZV_ses-20180104-sample-6_slice-20180104-slice-6_cell-20180104-sample-6_icephys.nwb
20180105_sample_4,LYQJP-4,sub-mouse-LYQJP_ses-20180105-sample-4_slice-20180105-slice-4_cell-20180105-sample-4_icephys,sub-mouse-LYQJP_ses-20180105-sample-4_slice-20180105-slice-4_cell-20180105-sample-4_icephys.nwb
20180105_sample_5,LYQJP-5,sub-mouse-LYQJP_ses-20180105-sample-5_slice-20180105-slice-5_cell-20180105-sample-5_icephys,sub-mouse-LYQJP_ses-20180105-sample-5_slice-20180105-slice-5_cell-20180105-sample-5_icephys.nwb
20180105_sample_6,LYQJP-6,sub-mouse-LYQJP_ses-20180105-sample-6_slice-20180105-slice-6_cell-20180105-sample-6_icephys,sub-mouse-LYQJP_ses-20180105-sample-6_slice-20180105-slice-6_cell-20180105-sample-6_icephys.nwb
20180108_sample_1,OOSLW-1,sub-mouse-OOSLW_ses-20180108-sample-1_slice-20180108-slice-1_cell-20180108-sample-1_icephys,sub-mouse-OOSLW_ses-20180108-sample-1_slice-20180108-slice-1_cell-20180108-sample-1_icephys.nwb
20180108_sample_10,OOSLW-10,sub-mouse-OOSLW_ses-20180108-sample-10_slice-20180108-slice-10_cell-20180108-sample-10_icephys,sub-mouse-OOSLW_ses-20180108-sample-10_slice-20180108-slice-10_cell-20180108-sample-10_icephys.nwb
20180108_sample_2,OOSLW-2,sub-mouse-OOSLW_ses-20180108-sample-2_slice-20180108-slice-2_cell-20180108-sample-2_icephys,sub-mouse-OOSLW_ses-20180108-sample-2_slice-20180108-slice-2_cell-20180108-sample-2_icephys.nwb
20180108_sample_3,OOSLW-3,sub-mouse-OOSLW_ses-20180108-sample-3_slice-20180108-slice-3_cell-20180108-sample-3_icephys,sub-mouse-OOSLW_ses-20180108-sample-3_slice-20180108-slice-3_cell-20180108-sample-3_icephys.nwb
20180108_sample_4,OOSLW-4,sub-mouse-OOSLW_ses-20180108-sample-4_slice-20180108-slice-4_cell-20180108-sample-4_icephys,sub-mouse-OOSLW_ses-20180108-sample-4_slice-20180108-slice-4_cell-20180108-sample-4_icephys.nwb
20180108_sample_5,OOSLW-5,sub-mouse-OOSLW_ses-20180108-sample-5_slice-20180108-slice-5_cell-20180108-sample-5_icephys,sub-mouse-OOSLW_ses-20180108-sample-5_slice-20180108-slice-5_cell-20180108-sample-5_icephys.nwb
20180108_sample_7,OOSLW-7,sub-mouse-OOSLW_ses-20180108-sample-7_slice-20180108-slice-7_cell-20180108-sample-7_icephys,sub-mouse-OOSLW_ses-20180108-sample-7_slice-20180108-slice-7_cell-20180108-sample-7_icephys.nwb
20180108_sample_8,OOSLW-8,sub-mouse-OOSLW_ses-20180108-sample-8_slice-20180108-slice-8_cell-20180108-sample-8_icephys,sub-mouse-OOSLW_ses-20180108-sample-8_slice-20180108-slice-8_cell-20180108-sample-8_icephys.nwb
20180108_sample_9,OOSLW-9,sub-mouse-OOSLW_ses-20180108-sample-9_slice-20180108-slice-9_cell-20180108-sample-9_icephys,sub-mouse-OOSLW_ses-20180108-sample-9_slice-20180108-slice-9_cell-20180108-sample-9_icephys.nwb
20180109_sample_1,TYCES-1,sub-mouse-TYCES_ses-20180109-sample-1_slice-20180109-slice-1_cell-20180109-sample-1_icephys,sub-mouse-TYCES_ses-20180109-sample-1_slice-20180109-slice-1_cell-20180109-sample-1_icephys.nwb
20180109_sample_2,TYCES-2,sub-mouse-TYCES_ses-20180109-sample-2_slice-20180109-slice-2_cell-20180109-sample-2_icephys,sub-mouse-TYCES_ses-20180109-sample-2_slice-20180109-slice-2_cell-20180109-sample-2_icephys.nwb
20180109_sample_5,TYCES-5,sub-mouse-TYCES_ses-20180109-sample-5_slice-20180109-slice-5_cell-20180109-sample-5_icephys,sub-mouse-TYCES_ses-20180109-sample-5_slice-20180109-slice-5_cell-20180109-sample-5_icephys.nwb
20180110_sample_1,GUIGR-1,sub-mouse-GUIGR_ses-20180110-sample-1_slice-20180110-slice-1_cell-20180110-sample-1_icephys,sub-mouse-GUIGR_ses-20180110-sample-1_slice-20180110-slice-1_cell-20180110-sample-1_icephys.nwb
20180110_sample_2,GUIGR-2,sub-mouse-GUIGR_ses-20180110-sample-2_slice-20180110-slice-2_cell-20180110-sample-2_icephys,sub-mouse-GUIGR_ses-20180110-sample-2_slice-20180110-slice-2_cell-20180110-sample-2_icephys.nwb
20180110_sample_3,GUIGR-3,sub-mouse-GUIGR_ses-20180110-sample-3_slice-20180110-slice-3_cell-20180110-sample-3_icephys,sub-mouse-GUIGR_ses-20180110-sample-3_slice-20180110-slice-3_cell-20180110-sample-3_icephys.nwb
20180110_sample_4,GUIGR-4,sub-mouse-GUIGR_ses-20180110-sample-4_slice-20180110-slice-4_cell-20180110-sample-4_icephys,sub-mouse-GUIGR_ses-20180110-sample-4_slice-20180110-slice-4_cell-20180110-sample-4_icephys.nwb
20180110_sample_5,GUIGR-5,sub-mouse-GUIGR_ses-20180110-sample-5_slice-20180110-slice-5_cell-20180110-sample-5_icephys,sub-mouse-GUIGR_ses-20180110-sample-5_slice-20180110-slice-5_cell-20180110-sample-5_icephys.nwb
20180110_sample_7,GUIGR-7,sub-mouse-GUIGR_ses-20180110-sample-7_slice-20180110-slice-7_cell-20180110-sample-7_icephys,sub-mouse-GUIGR_ses-20180110-sample-7_slice-20180110-slice-7_cell-20180110-sample-7_icephys.nwb
20180110_sample_8,GUIGR-8,sub-mouse-GUIGR_ses-20180110-sample-8_slice-20180110-slice-8_cell-20180110-sample-8_icephys,sub-mouse-GUIGR_ses-20180110-sample-8_slice-20180110-slice-8_cell-20180110-sample-8_icephys.nwb
20180111_sample_5,DYNRZ-5,sub-mouse-DYNRZ_ses-20180111-sample-5_slice-20180111-slice-5_cell-20180111-sample-5_icephys,sub-mouse-DYNRZ_ses-20180111-sample-5_slice-20180111-slice-5_cell-20180111-sample-5_icephys.nwb
20180115_sample_2,IZUBT-2,sub-mouse-IZUBT_ses-20180115-sample-2_slice-20180115-slice-2_cell-20180115-sample-2_icephys,sub-mouse-IZUBT_ses-20180115-sample-2_slice-20180115-slice-2_cell-20180115-sample-2_icephys.nwb
20180115_sample_5,IZUBT-5,sub-mouse-IZUBT_ses-20180115-sample-5_slice-20180115-slice-5_cell-20180115-sample-5_icephys,sub-mouse-IZUBT_ses-20180115-sample-5_slice-20180115-slice-5_cell-20180115-sample-5_icephys.nwb
20180115_sample_6,IZUBT-6,sub-mouse-IZUBT_ses-20180115-sample-6_slice-20180115-slice-6_cell-20180115-sample-6_icephys,sub-mouse-IZUBT_ses-20180115-sample-6_slice-20180115-slice-6_cell-20180115-sample-6_icephys.nwb
20180115_sample_7,IZUBT-7,sub-mouse-IZUBT_ses-20180115-sample-7_slice-20180115-slice-7_cell-20180115-sample-7_icephys,sub-mouse-IZUBT_ses-20180115-sample-7_slice-20180115-slice-7_cell-20180115-sample-7_icephys.nwb
20180115_sample_8,IZUBT-8,sub-mouse-IZUBT_ses-20180115-sample-8_slice-20180115-slice-8_cell-20180115-sample-8_icephys,sub-mouse-IZUBT_ses-20180115-sample-8_slice-20180115-slice-8_cell-20180115-sample-8_icephys.nwb
20180115_sample_9,IZUBT-9,sub-mouse-IZUBT_ses-20180115-sample-9_slice-20180115-slice-9_cell-20180115-sample-9_icephys,sub-mouse-IZUBT_ses-20180115-sample-9_slice-20180115-slice-9_cell-20180115-sample-9_icephys.nwb
20180118_sample_1,OGLHO-1,sub-mouse-OGLHO_ses-20180118-sample-1_slice-20180118-slice-1_cell-20180118-sample-1_icephys,sub-mouse-OGLHO_ses-20180118-sample-1_slice-20180118-slice-1_cell-20180118-sample-1_icephys.nwb
20180118_sample_10,OGLHO-10,sub-mouse-OGLHO_ses-20180118-sample-10_slice-20180118-slice-10_cell-20180118-sample-10_icephys,sub-mouse-OGLHO_ses-20180118-sample-10_slice-20180118-slice-10_cell-20180118-sample-10_icephys.nwb
20180118_sample_2,OGLHO-2,sub-mouse-OGLHO_ses-20180118-sample-2_slice-20180118-slice-2_cell-20180118-sample-2_icephys,sub-mouse-OGLHO_ses-20180118-sample-2_slice-20180118-slice-2_cell-20180118-sample-2_icephys.nwb
20180118_sample_4,OGLHO-4,sub-mouse-OGLHO_ses-20180118-sample-4_slice-20180118-slice-4_cell-20180118-sample-4_icephys,sub-mouse-OGLHO_ses-20180118-sample-4_slice-20180118-slice-4_cell-20180118-sample-4_icephys.nwb
20180118_sample_6,OGLHO-6,sub-mouse-OGLHO_ses-20180118-sample-6_slice-20180118-slice-6_cell-20180118-sample-6_icephys,sub-mouse-OGLHO_ses-20180118-sample-6_slice-20180118-slice-6_cell-20180118-sample-6_icephys.nwb
20180118_sample_7,OGLHO-7,sub-mouse-OGLHO_ses-20180118-sample-7_slice-20180118-slice-7_cell-20180118-sample-7_icephys,sub-mouse-OGLHO_ses-20180118-sample-7_slice-20180118-slice-7_cell-20180118-sample-7_icephys.nwb
20180123_sample_1,CNQDR-1,sub-mouse-CNQDR_ses-20180123-sample-1_slice-20180123-slice-1_cell-20180123-sample-1_icephys,sub-mouse-CNQDR_ses-20180123-sample-1_slice-20180123-slice-1_cell-20180123-sample-1_icephys.nwb
20180123_sample_3,CNQDR-3,sub-mouse-CNQDR_ses-20180123-sample-3_slice-20180123-slice-3_cell-20180123-sample-3_icephys,sub-mouse-CNQDR_ses-20180123-sample-3_slice-20180123-slice-3_cell-20180123-sample-3_icephys.nwb
20180123_sample_5,CNQDR-5,sub-mouse-CNQDR_ses-20180123-sample-5_slice-20180123-slice-5_cell-20180123-sample-5_icephys,sub-mouse-CNQDR_ses-20180123-sample-5_slice-20180123-slice-5_cell-20180123-sample-5_icephys.nwb
20180123_sample_6,CNQDR-6,sub-mouse-CNQDR_ses-20180123-sample-6_slice-20180123-slice-6_cell-20180123-sample-6_icephys,sub-mouse-CNQDR_ses-20180123-sample-6_slice-20180123-slice-6_cell-20180123-sample-6_icephys.nwb
20180123_sample_7,CNQDR-7,sub-mouse-CNQDR_ses-20180123-sample-7_slice-20180123-slice-7_cell-20180123-sample-7_icephys,sub-mouse-CNQDR_ses-20180123-sample-7_slice-20180123-slice-7_cell-20180123-sample-7_icephys.nwb
20180208_sample_1,HDBFV-1,sub-mouse-HDBFV_ses-20180208-sample-1_slice-20180208-slice-1_cell-20180208-sample-1_icephys,sub-mouse-HDBFV_ses-20180208-sample-1_slice-20180208-slice-1_cell-20180208-sample-1_icephys.nwb
20180208_sample_2,HDBFV-2,sub-mouse-HDBFV_ses-20180208-sample-2_slice-20180208-slice-2_cell-20180208-sample-2_icephys,sub-mouse-HDBFV_ses-20180208-sample-2_slice-20180208-slice-2_cell-20180208-sample-2_icephys.nwb
20180208_sample_3,HDBFV-3,sub-mouse-HDBFV_ses-20180208-sample-3_slice-20180208-slice-3_cell-20180208-sample-3_icephys,sub-mouse-HDBFV_ses-20180208-sample-3_slice-20180208-slice-3_cell-20180208-sample-3_icephys.nwb
20180208_sample_4,HDBFV-4,sub-mouse-HDBFV_ses-20180208-sample-4_slice-20180208-slice-4_cell-20180208-sample-4_icephys,sub-mouse-HDBFV_ses-20180208-sample-4_slice-20180208-slice-4_cell-20180208-sample-4_icephys.nwb
20180208_sample_5,HDBFV-5,sub-mouse-HDBFV_ses-20180208-sample-5_slice-20180208-slice-5_cell-20180208-sample-5_icephys,sub-mouse-HDBFV_ses-20180208-sample-5_slice-20180208-slice-5_cell-20180208-sample-5_icephys.nwb
20180213_sample_3,JDVRZ-3,sub-mouse-JDVRZ_ses-20180213-sample-3_slice-20180213-slice-3_cell-20180213-sample-3_icephys,sub-mouse-JDVRZ_ses-20180213-sample-3_slice-20180213-slice-3_cell-20180213-sample-3_icephys.nwb
20180213_sample_5,JDVRZ-5,sub-mouse-JDVRZ_ses-20180213-sample-5_slice-20180213-slice-5_cell-20180213-sample-5_icephys,sub-mouse-JDVRZ_ses-20180213-sample-5_slice-20180213-slice-5_cell-20180213-sample-5_icephys.nwb
20180215_sample_1,LBJDN-1,sub-mouse-LBJDN_ses-20180215-sample-1_slice-20180215-slice-1_cell-20180215-sample-1_icephys,sub-mouse-LBJDN_ses-20180215-sample-1_slice-20180215-slice-1_cell-20180215-sample-1_icephys.nwb
20180220_sample_1,POHNW-1,sub-mouse-POHNW_ses-20180220-sample-1_slice-20180220-slice-1_cell-20180220-sample-1_icephys,sub-mouse-POHNW_ses-20180220-sample-1_slice-20180220-slice-1_cell-20180220-sample-1_icephys.nwb
20180220_sample_2,POHNW-2,sub-mouse-POHNW_ses-20180220-sample-2_slice-20180220-slice-2_cell-20180220-sample-2_icephys,sub-mouse-POHNW_ses-20180220-sample-2_slice-20180220-slice-2_cell-20180220-sample-2_icephys.nwb
20180225_sample_1,YHUPM-1,sub-mouse-YHUPM_ses-20180225-sample-1_slice-20180225-slice-1_cell-20180225-sample-1_icephys,sub-mouse-YHUPM_ses-20180225-sample-1_slice-20180225-slice-1_cell-20180225-sample-1_icephys.nwb
20180225_sample_2,YHUPM-2,sub-mouse-YHUPM_ses-20180225-sample-2_slice-20180225-slice-2_cell-20180225-sample-2_icephys,sub-mouse-YHUPM_ses-20180225-sample-2_slice-20180225-slice-2_cell-20180225-sample-2_icephys.nwb
20180225_sample_3,YHUPM-3,sub-mouse-YHUPM_ses-20180225-sample-3_slice-20180225-slice-3_cell-20180225-sample-3_icephys,sub-mouse-YHUPM_ses-20180225-sample-3_slice-20180225-slice-3_cell-20180225-sample-3_icephys.nwb
20180225_sample_4,YHUPM-4,sub-mouse-YHUPM_ses-20180225-sample-4_slice-20180225-slice-4_cell-20180225-sample-4_icephys,sub-mouse-YHUPM_ses-20180225-sample-4_slice-20180225-slice-4_cell-20180225-sample-4_icephys.nwb
20180225_sample_5,YHUPM-5,sub-mouse-YHUPM_ses-20180225-sample-5_slice-20180225-slice-5_cell-20180225-sample-5_icephys,sub-mouse-YHUPM_ses-20180225-sample-5_slice-20180225-slice-5_cell-20180225-sample-5_icephys.nwb
20180225_sample_7,YHUPM-7,sub-mouse-YHUPM_ses-20180225-sample-7_slice-20180225-slice-7_cell-20180225-sample-7_icephys,sub-mouse-YHUPM_ses-20180225-sample-7_slice-20180225-slice-7_cell-20180225-sample-7_icephys.nwb
20180228_sample_3,ROUXZ-3,sub-mouse-ROUXZ_ses-20180228-sample-3_slice-20180228-slice-3_cell-20180228-sample-3_icephys,sub-mouse-ROUXZ_ses-20180228-sample-3_slice-20180228-slice-3_cell-20180228-sample-3_icephys.nwb
20180306_sample_1,YMIOM-1,sub-mouse-YMIOM_ses-20180306-sample-1_slice-20180306-slice-1_cell-20180306-sample-1_icephys,sub-mouse-YMIOM_ses-20180306-sample-1_slice-20180306-slice-1_cell-20180306-sample-1_icephys.nwb
20180306_sample_2,YMIOM-2,sub-mouse-YMIOM_ses-20180306-sample-2_slice-20180306-slice-2_cell-20180306-sample-2_icephys,sub-mouse-YMIOM_ses-20180306-sample-2_slice-20180306-slice-2_cell-20180306-sample-2_icephys.nwb
20180306_sample_3,YMIOM-3,sub-mouse-YMIOM_ses-20180306-sample-3_slice-20180306-slice-3_cell-20180306-sample-3_icephys,sub-mouse-YMIOM_ses-20180306-sample-3_slice-20180306-slice-3_cell-20180306-sample-3_icephys.nwb
20180306_sample_5,YMIOM-5,sub-mouse-YMIOM_ses-20180306-sample-5_slice-20180306-slice-5_cell-20180306-sample-5_icephys,sub-mouse-YMIOM_ses-20180306-sample-5_slice-20180306-slice-5_cell-20180306-sample-5_icephys.nwb
20180309_sample_4,AYGIX-4,sub-mouse-AYGIX_ses-20180309-sample-4_slice-20180309-slice-4_cell-20180309-sample-4_icephys,sub-mouse-AYGIX_ses-20180309-sample-4_slice-20180309-slice-4_cell-20180309-sample-4_icephys.nwb
20180309_sample_6,AYGIX-6,sub-mouse-AYGIX_ses-20180309-sample-6_slice-20180309-slice-6_cell-20180309-sample-6_icephys,sub-mouse-AYGIX_ses-20180309-sample-6_slice-20180309-slice-6_cell-20180309-sample-6_icephys.nwb
20180309_sample_7,AYGIX-7,sub-mouse-AYGIX_ses-20180309-sample-7_slice-20180309-slice-7_cell-20180309-sample-7_icephys,sub-mouse-AYGIX_ses-20180309-sample-7_slice-20180309-slice-7_cell-20180309-sample-7_icephys.nwb
20180309_sample_8,AYGIX-8,sub-mouse-AYGIX_ses-20180309-sample-8_slice-20180309-slice-8_cell-20180309-sample-8_icephys,sub-mouse-AYGIX_ses-20180309-sample-8_slice-20180309-slice-8_cell-20180309-sample-8_icephys.nwb
20180313_sample_1,ALHXK-1,sub-mouse-ALHXK_ses-20180313-sample-1_slice-20180313-slice-1_cell-20180313-sample-1_icephys,sub-mouse-ALHXK_ses-20180313-sample-1_slice-20180313-slice-1_cell-20180313-sample-1_icephys.nwb
20180313_sample_2,ALHXK-2,sub-mouse-ALHXK_ses-20180313-sample-2_slice-20180313-slice-2_cell-20180313-sample-2_icephys,sub-mouse-ALHXK_ses-20180313-sample-2_slice-20180313-slice-2_cell-20180313-sample-2_icephys.nwb
20180313_sample_3,ALHXK-3,sub-mouse-ALHXK_ses-20180313-sample-3_slice-20180313-slice-3_cell-20180313-sample-3_icephys,sub-mouse-ALHXK_ses-20180313-sample-3_slice-20180313-slice-3_cell-20180313-sample-3_icephys.nwb
20180313_sample_7,SQHCC-7,sub-mouse-SQHCC_ses-20180313-sample-7_slice-20180313-slice-7_cell-20180313-sample-7_icephys,sub-mouse-SQHCC_ses-20180313-sample-7_slice-20180313-slice-7_cell-20180313-sample-7_icephys.nwb
20180313_sample_8,SQHCC-8,sub-mouse-SQHCC_ses-20180313-sample-8_slice-20180313-slice-8_cell-20180313-sample-8_icephys,sub-mouse-SQHCC_ses-20180313-sample-8_slice-20180313-slice-8_cell-20180313-sample-8_icephys.nwb
20180313_sample_9,SQHCC-9,sub-mouse-SQHCC_ses-20180313-sample-9_slice-20180313-slice-9_cell-20180313-sample-9_icephys,sub-mouse-SQHCC_ses-20180313-sample-9_slice-20180313-slice-9_cell-20180313-sample-9_icephys.nwb
20180315_sample_1,AEJGZ-1,sub-mouse-AEJGZ_ses-20180315-sample-1_slice-20180315-slice-1_cell-20180315-sample-1_icephys,sub-mouse-AEJGZ_ses-20180315-sample-1_slice-20180315-slice-1_cell-20180315-sample-1_icephys.nwb
20180315_sample_2,AEJGZ-2,sub-mouse-AEJGZ_ses-20180315-sample-2_slice-20180315-slice-2_cell-20180315-sample-2_icephys,sub-mouse-AEJGZ_ses-20180315-sample-2_slice-20180315-slice-2_cell-20180315-sample-2_icephys.nwb
20180315_sample_5,AEJGZ-5,sub-mouse-AEJGZ_ses-20180315-sample-5_slice-20180315-slice-5_cell-20180315-sample-5_icephys,sub-mouse-AEJGZ_ses-20180315-sample-5_slice-20180315-slice-5_cell-20180315-sample-5_icephys.nwb
20180315_sample_6,AEJGZ-6,sub-mouse-AEJGZ_ses-20180315-sample-6_slice-20180315-slice-6_cell-20180315-sample-6_icephys,sub-mouse-AEJGZ_ses-20180315-sample-6_slice-20180315-slice-6_cell-20180315-sample-6_icephys.nwb
20180321_sample_2,IGIHL-2,sub-mouse-IGIHL_ses-20180321-sample-2_slice-20180321-slice-2_cell-20180321-sample-2_icephys,sub-mouse-IGIHL_ses-20180321-sample-2_slice-20180321-slice-2_cell-20180321-sample-2_icephys.nwb
20180321_sample_3,IGIHL-3,sub-mouse-IGIHL_ses-20180321-sample-3_slice-20180321-slice-3_cell-20180321-sample-3_icephys,sub-mouse-IGIHL_ses-20180321-sample-3_slice-20180321-slice-3_cell-20180321-sample-3_icephys.nwb
20180321_sample_4,IGIHL-4,sub-mouse-IGIHL_ses-20180321-sample-4_slice-20180321-slice-4_cell-20180321-sample-4_icephys,sub-mouse-IGIHL_ses-20180321-sample-4_slice-20180321-slice-4_cell-20180321-sample-4_icephys.nwb
20180321_sample_8,IGIHL-8,sub-mouse-IGIHL_ses-20180321-sample-8_slice-20180321-slice-8_cell-20180321-sample-8_icephys,sub-mouse-IGIHL_ses-20180321-sample-8_slice-20180321-slice-8_cell-20180321-sample-8_icephys.nwb
20180321_sample_9,IGIHL-9,sub-mouse-IGIHL_ses-20180321-sample-9_slice-20180321-slice-9_cell-20180321-sample-9_icephys,sub-mouse-IGIHL_ses-20180321-sample-9_slice-20180321-slice-9_cell-20180321-sample-9_icephys.nwb
20180322_sample_1,BAPWW-1,sub-mouse-BAPWW_ses-20180322-sample-1_slice-20180322-slice-1_cell-20180322-sample-1_icephys,sub-mouse-BAPWW_ses-20180322-sample-1_slice-20180322-slice-1_cell-20180322-sample-1_icephys.nwb
20180322_sample_2,BAPWW-2,sub-mouse-BAPWW_ses-20180322-sample-2_slice-20180322-slice-2_cell-20180322-sample-2_icephys,sub-mouse-BAPWW_ses-20180322-sample-2_slice-20180322-slice-2_cell-20180322-sample-2_icephys.nwb
20180322_sample_3,BAPWW-3,sub-mouse-BAPWW_ses-20180322-sample-3_slice-20180322-slice-3_cell-20180322-sample-3_icephys,sub-mouse-BAPWW_ses-20180322-sample-3_slice-20180322-slice-3_cell-20180322-sample-3_icephys.nwb
20180322_sample_4,BAPWW-4,sub-mouse-BAPWW_ses-20180322-sample-4_slice-20180322-slice-4_cell-20180322-sample-4_icephys,sub-mouse-BAPWW_ses-20180322-sample-4_slice-20180322-slice-4_cell-20180322-sample-4_icephys.nwb
20180322_sample_5,BAPWW-5,sub-mouse-BAPWW_ses-20180322-sample-5_slice-20180322-slice-5_cell-20180322-sample-5_icephys,sub-mouse-BAPWW_ses-20180322-sample-5_slice-20180322-slice-5_cell-20180322-sample-5_icephys.nwb
20180322_sample_6,BAPWW-6,sub-mouse-BAPWW_ses-20180322-sample-6_slice-20180322-slice-6_cell-20180322-sample-6_icephys,sub-mouse-BAPWW_ses-20180322-sample-6_slice-20180322-slice-6_cell-20180322-sample-6_icephys.nwb
20180322_sample_7,BAPWW-7,sub-mouse-BAPWW_ses-20180322-sample-7_slice-20180322-slice-7_cell-20180322-sample-7_icephys,sub-mouse-BAPWW_ses-20180322-sample-7_slice-20180322-slice-7_cell-20180322-sample-7_icephys.nwb
20180327_sample_1,XECLH-1,sub-mouse-XECLH_ses-20180327-sample-1_slice-20180327-slice-1_cell-20180327-sample-1_icephys,sub-mouse-XECLH_ses-20180327-sample-1_slice-20180327-slice-1_cell-20180327-sample-1_icephys.nwb
20180327_sample_2,XECLH-2,sub-mouse-XECLH_ses-20180327-sample-2_slice-20180327-slice-2_cell-20180327-sample-2_icephys,sub-mouse-XECLH_ses-20180327-sample-2_slice-20180327-slice-2_cell-20180327-sample-2_icephys.nwb
20180327_sample_3,XECLH-3,sub-mouse-XECLH_ses-20180327-sample-3_slice-20180327-slice-3_cell-20180327-sample-3_icephys,sub-mouse-XECLH_ses-20180327-sample-3_slice-20180327-slice-3_cell-20180327-sample-3_icephys.nwb
20180327_sample_4,XECLH-4,sub-mouse-XECLH_ses-20180327-sample-4_slice-20180327-slice-4_cell-20180327-sample-4_icephys,sub-mouse-XECLH_ses-20180327-sample-4_slice-20180327-slice-4_cell-20180327-sample-4_icephys.nwb
20180327_sample_5,XECLH-5,sub-mouse-XECLH_ses-20180327-sample-5_slice-20180327-slice-5_cell-20180327-sample-5_icephys,sub-mouse-XECLH_ses-20180327-sample-5_slice-20180327-slice-5_cell-20180327-sample-5_icephys.nwb
20180327_sample_6,XECLH-6,sub-mouse-XECLH_ses-20180327-sample-6_slice-20180327-slice-6_cell-20180327-sample-6_icephys,sub-mouse-XECLH_ses-20180327-sample-6_slice-20180327-slice-6_cell-20180327-sample-6_icephys.nwb
20180329_sample_1,VCACE-1,sub-mouse-VCACE_ses-20180329-sample-1_slice-20180329-slice-1_cell-20180329-sample-1_icephys,sub-mouse-VCACE_ses-20180329-sample-1_slice-20180329-slice-1_cell-20180329-sample-1_icephys.nwb
20180329_sample_2,VCACE-2,sub-mouse-VCACE_ses-20180329-sample-2_slice-20180329-slice-2_cell-20180329-sample-2_icephys,sub-mouse-VCACE_ses-20180329-sample-2_slice-20180329-slice-2_cell-20180329-sample-2_icephys.nwb
20180329_sample_3,VCACE-3,sub-mouse-VCACE_ses-20180329-sample-3_slice-20180329-slice-3_cell-20180329-sample-3_icephys,sub-mouse-VCACE_ses-20180329-sample-3_slice-20180329-slice-3_cell-20180329-sample-3_icephys.nwb
20180329_sample_4,VCACE-4,sub-mouse-VCACE_ses-20180329-sample-4_slice-20180329-slice-4_cell-20180329-sample-4_icephys,sub-mouse-VCACE_ses-20180329-sample-4_slice-20180329-slice-4_cell-20180329-sample-4_icephys.nwb
20180329_sample_5,VCACE-5,sub-mouse-VCACE_ses-20180329-sample-5_slice-20180329-slice-5_cell-20180329-sample-5_icephys,sub-mouse-VCACE_ses-20180329-sample-5_slice-20180329-slice-5_cell-20180329-sample-5_icephys.nwb
20180329_sample_6,VCACE-6,sub-mouse-VCACE_ses-20180329-sample-6_slice-20180329-slice-6_cell-20180329-sample-6_icephys,sub-mouse-VCACE_ses-20180329-sample-6_slice-20180329-slice-6_cell-20180329-sample-6_icephys.nwb
20180329_sample_7,VCACE-7,sub-mouse-VCACE_ses-20180329-sample-7_slice-20180329-slice-7_cell-20180329-sample-7_icephys,sub-mouse-VCACE_ses-20180329-sample-7_slice-20180329-slice-7_cell-20180329-sample-7_icephys.nwb
20180329_sample_8,VCACE-8,sub-mouse-VCACE_ses-20180329-sample-8_slice-20180329-slice-8_cell-20180329-sample-8_icephys,sub-mouse-VCACE_ses-20180329-sample-8_slice-20180329-slice-8_cell-20180329-sample-8_icephys.nwb
20180403_sample_5,ONCAE-5,sub-mouse-ONCAE_ses-20180403-sample-5_slice-20180403-slice-5_cell-20180403-sample-5_icephys,sub-mouse-ONCAE_ses-20180403-sample-5_slice-20180403-slice-5_cell-20180403-sample-5_icephys.nwb
20180403_sample_6,ONCAE-6,sub-mouse-ONCAE_ses-20180403-sample-6_slice-20180403-slice-6_cell-20180403-sample-6_icephys,sub-mouse-ONCAE_ses-20180403-sample-6_slice-20180403-slice-6_cell-20180403-sample-6_icephys.nwb
20180403_sample_7,ONCAE-7,sub-mouse-ONCAE_ses-20180403-sample-7_slice-20180403-slice-7_cell-20180403-sample-7_icephys,sub-mouse-ONCAE_ses-20180403-sample-7_slice-20180403-slice-7_cell-20180403-sample-7_icephys.nwb
20180404_sample_1,ZWNGI-1,sub-mouse-ZWNGI_ses-20180404-sample-1_slice-20180404-slice-1_cell-20180404-sample-1_icephys,sub-mouse-ZWNGI_ses-20180404-sample-1_slice-20180404-slice-1_cell-20180404-sample-1_icephys.nwb
20180404_sample_2,ZWNGI-2,sub-mouse-ZWNGI_ses-20180404-sample-2_slice-20180404-slice-2_cell-20180404-sample-2_icephys,sub-mouse-ZWNGI_ses-20180404-sample-2_slice-20180404-slice-2_cell-20180404-sample-2_icephys.nwb
20180404_sample_3,ZWNGI-3,sub-mouse-ZWNGI_ses-20180404-sample-3_slice-20180404-slice-3_cell-20180404-sample-3_icephys,sub-mouse-ZWNGI_ses-20180404-sample-3_slice-20180404-slice-3_cell-20180404-sample-3_icephys.nwb
20180404_sample_4,ZWNGI-4,sub-mouse-ZWNGI_ses-20180404-sample-4_slice-20180404-slice-4_cell-20180404-sample-4_icephys,sub-mouse-ZWNGI_ses-20180404-sample-4_slice-20180404-slice-4_cell-20180404-sample-4_icephys.nwb
20180404_sample_5,ZWNGI-5,sub-mouse-ZWNGI_ses-20180404-sample-5_slice-20180404-slice-5_cell-20180404-sample-5_icephys,sub-mouse-ZWNGI_ses-20180404-sample-5_slice-20180404-slice-5_cell-20180404-sample-5_icephys.nwb
20180404_sample_7,ZWNGI-7,sub-mouse-ZWNGI_ses-20180404-sample-7_slice-20180404-slice-7_cell-20180404-sample-7_icephys,sub-mouse-ZWNGI_ses-20180404-sample-7_slice-20180404-slice-7_cell-20180404-sample-7_icephys.nwb
20180405_sample_1,OOZJM-1,sub-mouse-OOZJM_ses-20180405-sample-1_slice-20180405-slice-1_cell-20180405-sample-1_icephys,sub-mouse-OOZJM_ses-20180405-sample-1_slice-20180405-slice-1_cell-20180405-sample-1_icephys.nwb
20180405_sample_2,OOZJM-2,sub-mouse-OOZJM_ses-20180405-sample-2_slice-20180405-slice-2_cell-20180405-sample-2_icephys,sub-mouse-OOZJM_ses-20180405-sample-2_slice-20180405-slice-2_cell-20180405-sample-2_icephys.nwb
20180405_sample_3,OOZJM-3,sub-mouse-OOZJM_ses-20180405-sample-3_slice-20180405-slice-3_cell-20180405-sample-3_icephys,sub-mouse-OOZJM_ses-20180405-sample-3_slice-20180405-slice-3_cell-20180405-sample-3_icephys.nwb
20180410_sample_1,SGQTD-1,sub-mouse-SGQTD_ses-20180410-sample-1_slice-20180410-slice-1_cell-20180410-sample-1_icephys,sub-mouse-SGQTD_ses-20180410-sample-1_slice-20180410-slice-1_cell-20180410-sample-1_icephys.nwb
20180410_sample_3,SGQTD-3,sub-mouse-SGQTD_ses-20180410-sample-3_slice-20180410-slice-3_cell-20180410-sample-3_icephys,sub-mouse-SGQTD_ses-20180410-sample-3_slice-20180410-slice-3_cell-20180410-sample-3_icephys.nwb
20180410_sample_4,SGQTD-4,sub-mouse-SGQTD_ses-20180410-sample-4_slice-20180410-slice-4_cell-20180410-sample-4_icephys,sub-mouse-SGQTD_ses-20180410-sample-4_slice-20180410-slice-4_cell-20180410-sample-4_icephys.nwb
20180410_sample_5,SGQTD-5,sub-mouse-SGQTD_ses-20180410-sample-5_slice-20180410-slice-5_cell-20180410-sample-5_icephys,sub-mouse-SGQTD_ses-20180410-sample-5_slice-20180410-slice-5_cell-20180410-sample-5_icephys.nwb
20180410_sample_6,SGQTD-6,sub-mouse-SGQTD_ses-20180410-sample-6_slice-20180410-slice-5_cell-20180410-sample-6_icephys,sub-mouse-SGQTD_ses-20180410-sample-6_slice-20180410-slice-5_cell-20180410-sample-6_icephys.nwb
20180410_sample_9,SGQTD-9,sub-mouse-SGQTD_ses-20180410-sample-9_slice-20180410-slice-7_cell-20180410-sample-9_icephys,sub-mouse-SGQTD_ses-20180410-sample-9_slice-20180410-slice-7_cell-20180410-sample-9_icephys.nwb
20180411_sample_1,EWGMO-1,sub-mouse-EWGMO_ses-20180411-sample-1_slice-20180411-slice-1_cell-20180411-sample-1_icephys,sub-mouse-EWGMO_ses-20180411-sample-1_slice-20180411-slice-1_cell-20180411-sample-1_icephys.nwb
20180411_sample_3,EWGMO-3,sub-mouse-EWGMO_ses-20180411-sample-3_slice-20180411-slice-3_cell-20180411-sample-3_icephys,sub-mouse-EWGMO_ses-20180411-sample-3_slice-20180411-slice-3_cell-20180411-sample-3_icephys.nwb
20180411_sample_4,EWGMO-4,sub-mouse-EWGMO_ses-20180411-sample-4_slice-20180411-slice-4_cell-20180411-sample-4_icephys,sub-mouse-EWGMO_ses-20180411-sample-4_slice-20180411-slice-4_cell-20180411-sample-4_icephys.nwb
20180411_sample_5,EWGMO-5,sub-mouse-EWGMO_ses-20180411-sample-5_slice-20180411-slice-5_cell-20180411-sample-5_icephys,sub-mouse-EWGMO_ses-20180411-sample-5_slice-20180411-slice-5_cell-20180411-sample-5_icephys.nwb
20180412_sample_1,KDMGS-1,sub-mouse-KDMGS_ses-20180412-sample-1_slice-20180412-slice-1_cell-20180412-sample-1_icephys,sub-mouse-KDMGS_ses-20180412-sample-1_slice-20180412-slice-1_cell-20180412-sample-1_icephys.nwb
20180412_sample_2,KDMGS-2,sub-mouse-KDMGS_ses-20180412-sample-2_slice-20180412-slice-2_cell-20180412-sample-2_icephys,sub-mouse-KDMGS_ses-20180412-sample-2_slice-20180412-slice-2_cell-20180412-sample-2_icephys.nwb
20180412_sample_3,KDMGS-3,sub-mouse-KDMGS_ses-20180412-sample-3_slice-20180412-slice-3_cell-20180412-sample-3_icephys,sub-mouse-KDMGS_ses-20180412-sample-3_slice-20180412-slice-3_cell-20180412-sample-3_icephys.nwb
20180412_sample_4,KDMGS-4,sub-mouse-KDMGS_ses-20180412-sample-4_slice-20180412-slice-4_cell-20180412-sample-4_icephys,sub-mouse-KDMGS_ses-20180412-sample-4_slice-20180412-slice-4_cell-20180412-sample-4_icephys.nwb
20180412_sample_7,KDMGS-7,sub-mouse-KDMGS_ses-20180412-sample-7_slice-20180412-slice-7_cell-20180412-sample-7_icephys,sub-mouse-KDMGS_ses-20180412-sample-7_slice-20180412-slice-7_cell-20180412-sample-7_icephys.nwb
20180413_sample_2,VBJMY-2,sub-mouse-VBJMY_ses-20180413-sample-2_slice-20180413-slice-2_cell-20180413-sample-2_icephys,sub-mouse-VBJMY_ses-20180413-sample-2_slice-20180413-slice-2_cell-20180413-sample-2_icephys.nwb
20180413_sample_3,VBJMY-3,sub-mouse-VBJMY_ses-20180413-sample-3_slice-20180413-slice-3_cell-20180413-sample-3_icephys,sub-mouse-VBJMY_ses-20180413-sample-3_slice-20180413-slice-3_cell-20180413-sample-3_icephys.nwb
20180413_sample_4,VBJMY-4,sub-mouse-VBJMY_ses-20180413-sample-4_slice-20180413-slice-4_cell-20180413-sample-4_icephys,sub-mouse-VBJMY_ses-20180413-sample-4_slice-20180413-slice-4_cell-20180413-sample-4_icephys.nwb
20180417_sample_1,UFLLT-1,sub-mouse-UFLLT_ses-20180417-sample-1_slice-20180417-slice-1_cell-20180417-sample-1_icephys,sub-mouse-UFLLT_ses-20180417-sample-1_slice-20180417-slice-1_cell-20180417-sample-1_icephys.nwb
20180417_sample_2,UFLLT-2,sub-mouse-UFLLT_ses-20180417-sample-2_slice-20180417-slice-2_cell-20180417-sample-2_icephys,sub-mouse-UFLLT_ses-20180417-sample-2_slice-20180417-slice-2_cell-20180417-sample-2_icephys.nwb
20180417_sample_3,UFLLT-3,sub-mouse-UFLLT_ses-20180417-sample-3_slice-20180417-slice-3_cell-20180417-sample-3_icephys,sub-mouse-UFLLT_ses-20180417-sample-3_slice-20180417-slice-3_cell-20180417-sample-3_icephys.nwb
20180417_sample_4,UFLLT-4,sub-mouse-UFLLT_ses-20180417-sample-4_slice-20180417-slice-3_cell-20180417-sample-4_icephys,sub-mouse-UFLLT_ses-20180417-sample-4_slice-20180417-slice-3_cell-20180417-sample-4_icephys.nwb
20180417_sample_5,UFLLT-5,sub-mouse-UFLLT_ses-20180417-sample-5_slice-20180417-slice-4_cell-20180417-sample-5_icephys,sub-mouse-UFLLT_ses-20180417-sample-5_slice-20180417-slice-4_cell-20180417-sample-5_icephys.nwb
20180417_sample_6,UFLLT-6,sub-mouse-UFLLT_ses-20180417-sample-6_slice-20180417-slice-5_cell-20180417-sample-6_icephys,sub-mouse-UFLLT_ses-20180417-sample-6_slice-20180417-slice-5_cell-20180417-sample-6_icephys.nwb
20180417_sample_7,UFLLT-7,sub-mouse-UFLLT_ses-20180417-sample-7_slice-20180417-slice-6_cell-20180417-sample-7_icephys,sub-mouse-UFLLT_ses-20180417-sample-7_slice-20180417-slice-6_cell-20180417-sample-7_icephys.nwb
20180417_sample_8,UFLLT-8,sub-mouse-UFLLT_ses-20180417-sample-8_slice-20180417-slice-7_cell-20180417-sample-8_icephys,sub-mouse-UFLLT_ses-20180417-sample-8_slice-20180417-slice-7_cell-20180417-sample-8_icephys.nwb
20180417_sample_9,UFLLT-9,sub-mouse-UFLLT_ses-20180417-sample-9_slice-20180417-slice-8_cell-20180417-sample-9_icephys,sub-mouse-UFLLT_ses-20180417-sample-9_slice-20180417-slice-8_cell-20180417-sample-9_icephys.nwb
20180418_sample_1,KZWYG-1,sub-mouse-KZWYG_ses-20180418-sample-1_slice-20180418-slice-1_cell-20180418-sample-1_icephys,sub-mouse-KZWYG_ses-20180418-sample-1_slice-20180418-slice-1_cell-20180418-sample-1_icephys.nwb
20180418_sample_2,KZWYG-2,sub-mouse-KZWYG_ses-20180418-sample-2_slice-20180418-slice-2_cell-20180418-sample-2_icephys,sub-mouse-KZWYG_ses-20180418-sample-2_slice-20180418-slice-2_cell-20180418-sample-2_icephys.nwb
20180418_sample_3,KZWYG-3,sub-mouse-KZWYG_ses-20180418-sample-3_slice-20180418-slice-3_cell-20180418-sample-3_icephys,sub-mouse-KZWYG_ses-20180418-sample-3_slice-20180418-slice-3_cell-20180418-sample-3_icephys.nwb
20180418_sample_5,KZWYG-5,sub-mouse-KZWYG_ses-20180418-sample-5_slice-20180418-slice-5_cell-20180418-sample-5_icephys,sub-mouse-KZWYG_ses-20180418-sample-5_slice-20180418-slice-5_cell-20180418-sample-5_icephys.nwb
20180418_sample_6,KZWYG-6,sub-mouse-KZWYG_ses-20180418-sample-6_slice-20180418-slice-6_cell-20180418-sample-6_icephys,sub-mouse-KZWYG_ses-20180418-sample-6_slice-20180418-slice-6_cell-20180418-sample-6_icephys.nwb
20180420_sample_2,AAYYT-2,sub-mouse-AAYYT_ses-20180420-sample-2_slice-20180420-slice-2_cell-20180420-sample-2_icephys,sub-mouse-AAYYT_ses-20180420-sample-2_slice-20180420-slice-2_cell-20180420-sample-2_icephys.nwb
20180420_sample_3,AAYYT-3,sub-mouse-AAYYT_ses-20180420-sample-3_slice-20180420-slice-3_cell-20180420-sample-3_icephys,sub-mouse-AAYYT_ses-20180420-sample-3_slice-20180420-slice-3_cell-20180420-sample-3_icephys.nwb
20180420_sample_4,AAYYT-4,sub-mouse-AAYYT_ses-20180420-sample-4_slice-20180420-slice-4_cell-20180420-sample-4_icephys,sub-mouse-AAYYT_ses-20180420-sample-4_slice-20180420-slice-4_cell-20180420-sample-4_icephys.nwb
20180424_sample_1,MICGF-1,sub-mouse-MICGF_ses-20180424-sample-1_slice-20180424-slice-1_cell-20180424-sample-1_icephys,sub-mouse-MICGF_ses-20180424-sample-1_slice-20180424-slice-1_cell-20180424-sample-1_icephys.nwb
20180424_sample_2,MICGF-2,sub-mouse-MICGF_ses-20180424-sample-2_slice-20180424-slice-2_cell-20180424-sample-2_icephys,sub-mouse-MICGF_ses-20180424-sample-2_slice-20180424-slice-2_cell-20180424-sample-2_icephys.nwb
20180424_sample_3,MICGF-3,sub-mouse-MICGF_ses-20180424-sample-3_slice-20180424-slice-3_cell-20180424-sample-3_icephys,sub-mouse-MICGF_ses-20180424-sample-3_slice-20180424-slice-3_cell-20180424-sample-3_icephys.nwb
20180424_sample_6,MICGF-6,sub-mouse-MICGF_ses-20180424-sample-6_slice-20180424-slice-6_cell-20180424-sample-6_icephys,sub-mouse-MICGF_ses-20180424-sample-6_slice-20180424-slice-6_cell-20180424-sample-6_icephys.nwb
20180425_sample_2,HIEAS-2,sub-mouse-HIEAS_ses-20180425-sample-2_slice-20180425-slice-2_cell-20180425-sample-2_icephys,sub-mouse-HIEAS_ses-20180425-sample-2_slice-20180425-slice-2_cell-20180425-sample-2_icephys.nwb
20180425_sample_3,HIEAS-3,sub-mouse-HIEAS_ses-20180425-sample-3_slice-20180425-slice-2_cell-20180425-sample-3_icephys,sub-mouse-HIEAS_ses-20180425-sample-3_slice-20180425-slice-2_cell-20180425-sample-3_icephys.nwb
20180425_sample_4,HIEAS-4,sub-mouse-HIEAS_ses-20180425-sample-4_slice-20180425-slice-3_cell-20180425-sample-4_icephys,sub-mouse-HIEAS_ses-20180425-sample-4_slice-20180425-slice-3_cell-20180425-sample-4_icephys.nwb
20180425_sample_5,HIEAS-5,sub-mouse-HIEAS_ses-20180425-sample-5_slice-20180425-slice-4_cell-20180425-sample-5_icephys,sub-mouse-HIEAS_ses-20180425-sample-5_slice-20180425-slice-4_cell-20180425-sample-5_icephys.nwb
20180425_sample_7,HIEAS-7,sub-mouse-HIEAS_ses-20180425-sample-7_slice-20180425-slice-6_cell-20180425-sample-7_icephys,sub-mouse-HIEAS_ses-20180425-sample-7_slice-20180425-slice-6_cell-20180425-sample-7_icephys.nwb
20180425_sample_8,HIEAS-8,sub-mouse-HIEAS_ses-20180425-sample-8_slice-20180425-slice-7_cell-20180425-sample-8_icephys,sub-mouse-HIEAS_ses-20180425-sample-8_slice-20180425-slice-7_cell-20180425-sample-8_icephys.nwb
20180425_sample_9,HIEAS-9,sub-mouse-HIEAS_ses-20180425-sample-9_slice-20180425-slice-8_cell-20180425-sample-9_icephys,sub-mouse-HIEAS_ses-20180425-sample-9_slice-20180425-slice-8_cell-20180425-sample-9_icephys.nwb
20180426_sample_1,JLXOV-1,sub-mouse-JLXOV_ses-20180426-sample-1_slice-20180426-slice-1_cell-20180426-sample-1_icephys,sub-mouse-JLXOV_ses-20180426-sample-1_slice-20180426-slice-1_cell-20180426-sample-1_icephys.nwb
20180426_sample_3,JLXOV-3,sub-mouse-JLXOV_ses-20180426-sample-3_slice-20180426-slice-3_cell-20180426-sample-3_icephys,sub-mouse-JLXOV_ses-20180426-sample-3_slice-20180426-slice-3_cell-20180426-sample-3_icephys.nwb
20180426_sample_4,JLXOV-4,sub-mouse-JLXOV_ses-20180426-sample-4_slice-20180426-slice-4_cell-20180426-sample-4_icephys,sub-mouse-JLXOV_ses-20180426-sample-4_slice-20180426-slice-4_cell-20180426-sample-4_icephys.nwb
20180426_sample_5,JLXOV-5,sub-mouse-JLXOV_ses-20180426-sample-5_slice-20180426-slice-5_cell-20180426-sample-5_icephys,sub-mouse-JLXOV_ses-20180426-sample-5_slice-20180426-slice-5_cell-20180426-sample-5_icephys.nwb
20180426_sample_7,JLXOV-7,sub-mouse-JLXOV_ses-20180426-sample-7_slice-20180426-slice-7_cell-20180426-sample-7_icephys,sub-mouse-JLXOV_ses-20180426-sample-7_slice-20180426-slice-7_cell-20180426-sample-7_icephys.nwb
20180426_sample_9,JLXOV-9,sub-mouse-JLXOV_ses-20180426-sample-9_slice-20180426-slice-9_cell-20180426-sample-9_icephys,sub-mouse-JLXOV_ses-20180426-sample-9_slice-20180426-slice-9_cell-20180426-sample-9_icephys.nwb
20180501_sample_2,XITQQ-2,sub-mouse-XITQQ_ses-20180501-sample-2_slice-20180501-slice-2_cell-20180501-sample-2_icephys,sub-mouse-XITQQ_ses-20180501-sample-2_slice-20180501-slice-2_cell-20180501-sample-2_icephys.nwb
20180501_sample_3,XITQQ-3,sub-mouse-XITQQ_ses-20180501-sample-3_slice-20180501-slice-3_cell-20180501-sample-3_icephys,sub-mouse-XITQQ_ses-20180501-sample-3_slice-20180501-slice-3_cell-20180501-sample-3_icephys.nwb
20180501_sample_4,XITQQ-4,sub-mouse-XITQQ_ses-20180501-sample-4_slice-20180501-slice-4_cell-20180501-sample-4_icephys,sub-mouse-XITQQ_ses-20180501-sample-4_slice-20180501-slice-4_cell-20180501-sample-4_icephys.nwb
20180501_sample_5,XITQQ-5,sub-mouse-XITQQ_ses-20180501-sample-5_slice-20180501-slice-5_cell-20180501-sample-5_icephys,sub-mouse-XITQQ_ses-20180501-sample-5_slice-20180501-slice-5_cell-20180501-sample-5_icephys.nwb
20180501_sample_6,XITQQ-6,sub-mouse-XITQQ_ses-20180501-sample-6_slice-20180501-slice-6_cell-20180501-sample-6_icephys,sub-mouse-XITQQ_ses-20180501-sample-6_slice-20180501-slice-6_cell-20180501-sample-6_icephys.nwb
20180501_sample_7,XITQQ-7,sub-mouse-XITQQ_ses-20180501-sample-7_slice-20180501-slice-7_cell-20180501-sample-7_icephys,sub-mouse-XITQQ_ses-20180501-sample-7_slice-20180501-slice-7_cell-20180501-sample-7_icephys.nwb
20180501_sample_8,XITQQ-8,sub-mouse-XITQQ_ses-20180501-sample-8_slice-20180501-slice-8_cell-20180501-sample-8_icephys,sub-mouse-XITQQ_ses-20180501-sample-8_slice-20180501-slice-8_cell-20180501-sample-8_icephys.nwb
20180502_sample_1,ZTLGB-1,sub-mouse-ZTLGB_ses-20180502-sample-1_slice-20180502-slice-1_cell-20180502-sample-1_icephys,sub-mouse-ZTLGB_ses-20180502-sample-1_slice-20180502-slice-1_cell-20180502-sample-1_icephys.nwb
20180502_sample_2,ZTLGB-2,sub-mouse-ZTLGB_ses-20180502-sample-2_slice-20180502-slice-2_cell-20180502-sample-2_icephys,sub-mouse-ZTLGB_ses-20180502-sample-2_slice-20180502-slice-2_cell-20180502-sample-2_icephys.nwb
20180502_sample_3,ZTLGB-3,sub-mouse-ZTLGB_ses-20180502-sample-3_slice-20180502-slice-3_cell-20180502-sample-3_icephys,sub-mouse-ZTLGB_ses-20180502-sample-3_slice-20180502-slice-3_cell-20180502-sample-3_icephys.nwb
20180502_sample_4,ZTLGB-4,sub-mouse-ZTLGB_ses-20180502-sample-4_slice-20180502-slice-4_cell-20180502-sample-4_icephys,sub-mouse-ZTLGB_ses-20180502-sample-4_slice-20180502-slice-4_cell-20180502-sample-4_icephys.nwb
20180508_sample_1,CQEQX-1,sub-mouse-CQEQX_ses-20180508-sample-1_slice-20180508-slice-1_cell-20180508-sample-1_icephys,sub-mouse-CQEQX_ses-20180508-sample-1_slice-20180508-slice-1_cell-20180508-sample-1_icephys.nwb
20180508_sample_2,CQEQX-2,sub-mouse-CQEQX_ses-20180508-sample-2_slice-20180508-slice-2_cell-20180508-sample-2_icephys,sub-mouse-CQEQX_ses-20180508-sample-2_slice-20180508-slice-2_cell-20180508-sample-2_icephys.nwb
20180508_sample_3,CQEQX-3,sub-mouse-CQEQX_ses-20180508-sample-3_slice-20180508-slice-3_cell-20180508-sample-3_icephys,sub-mouse-CQEQX_ses-20180508-sample-3_slice-20180508-slice-3_cell-20180508-sample-3_icephys.nwb
20180508_sample_4,CQEQX-4,sub-mouse-CQEQX_ses-20180508-sample-4_slice-20180508-slice-4_cell-20180508-sample-4_icephys,sub-mouse-CQEQX_ses-20180508-sample-4_slice-20180508-slice-4_cell-20180508-sample-4_icephys.nwb
20180509_sample_1,QQBBV-1,sub-mouse-QQBBV_ses-20180509-sample-1_slice-20180509-slice-1_cell-20180509-sample-1_icephys,sub-mouse-QQBBV_ses-20180509-sample-1_slice-20180509-slice-1_cell-20180509-sample-1_icephys.nwb
20180509_sample_2,QQBBV-2,sub-mouse-QQBBV_ses-20180509-sample-2_slice-20180509-slice-2_cell-20180509-sample-2_icephys,sub-mouse-QQBBV_ses-20180509-sample-2_slice-20180509-slice-2_cell-20180509-sample-2_icephys.nwb
20180509_sample_3,QQBBV-3,sub-mouse-QQBBV_ses-20180509-sample-3_slice-20180509-slice-3_cell-20180509-sample-3_icephys,sub-mouse-QQBBV_ses-20180509-sample-3_slice-20180509-slice-3_cell-20180509-sample-3_icephys.nwb
20180509_sample_4,QQBBV-4,sub-mouse-QQBBV_ses-20180509-sample-4_slice-20180509-slice-4_cell-20180509-sample-4_icephys,sub-mouse-QQBBV_ses-20180509-sample-4_slice-20180509-slice-4_cell-20180509-sample-4_icephys.nwb
20180509_sample_5,QQBBV-5,sub-mouse-QQBBV_ses-20180509-sample-5_slice-20180509-slice-3_cell-20180509-sample-5_icephys,sub-mouse-QQBBV_ses-20180509-sample-5_slice-20180509-slice-3_cell-20180509-sample-5_icephys.nwb
20180509_sample_7,QQBBV-7,sub-mouse-QQBBV_ses-20180509-sample-7_slice-20180509-slice-5_cell-20180509-sample-7_icephys,sub-mouse-QQBBV_ses-20180509-sample-7_slice-20180509-slice-5_cell-20180509-sample-7_icephys.nwb
20180509_sample_9,QQBBV-9,sub-mouse-QQBBV_ses-20180509-sample-9_slice-20180509-slice-7_cell-20180509-sample-9_icephys,sub-mouse-QQBBV_ses-20180509-sample-9_slice-20180509-slice-7_cell-20180509-sample-9_icephys.nwb
20180510_sample_2,WEAAS-2,sub-mouse-WEAAS_ses-20180510-sample-2_slice-20180510-slice-2_cell-20180510-sample-2_icephys,sub-mouse-WEAAS_ses-20180510-sample-2_slice-20180510-slice-2_cell-20180510-sample-2_icephys.nwb
20180510_sample_3,WEAAS-3,sub-mouse-WEAAS_ses-20180510-sample-3_slice-20180510-slice-3_cell-20180510-sample-3_icephys,sub-mouse-WEAAS_ses-20180510-sample-3_slice-20180510-slice-3_cell-20180510-sample-3_icephys.nwb
20180510_sample_4,WEAAS-4,sub-mouse-WEAAS_ses-20180510-sample-4_slice-20180510-slice-4_cell-20180510-sample-4_icephys,sub-mouse-WEAAS_ses-20180510-sample-4_slice-20180510-slice-4_cell-20180510-sample-4_icephys.nwb
20180510_sample_5,WEAAS-5,sub-mouse-WEAAS_ses-20180510-sample-5_slice-20180510-slice-5_cell-20180510-sample-5_icephys,sub-mouse-WEAAS_ses-20180510-sample-5_slice-20180510-slice-5_cell-20180510-sample-5_icephys.nwb
20180510_sample_9,WEAAS-9,sub-mouse-WEAAS_ses-20180510-sample-9_slice-20180510-slice-7_cell-20180510-sample-9_icephys,sub-mouse-WEAAS_ses-20180510-sample-9_slice-20180510-slice-7_cell-20180510-sample-9_icephys.nwb
20180515_sample_1,BULZF-1,sub-mouse-BULZF_ses-20180515-sample-1_slice-20180515-slice-1_cell-20180515-sample-1_icephys,sub-mouse-BULZF_ses-20180515-sample-1_slice-20180515-slice-1_cell-20180515-sample-1_icephys.nwb
20180515_sample_6,BULZF-6,sub-mouse-BULZF_ses-20180515-sample-6_slice-20180515-slice-6_cell-20180515-sample-6_icephys,sub-mouse-BULZF_ses-20180515-sample-6_slice-20180515-slice-6_cell-20180515-sample-6_icephys.nwb
20180522_sample_1,WDWKX-1,sub-mouse-WDWKX_ses-20180522-sample-1_slice-20180522-slice-1_cell-20180522-sample-1_icephys,sub-mouse-WDWKX_ses-20180522-sample-1_slice-20180522-slice-1_cell-20180522-sample-1_icephys.nwb
20180522_sample_2,WDWKX-2,sub-mouse-WDWKX_ses-20180522-sample-2_slice-20180522-slice-2_cell-20180522-sample-2_icephys,sub-mouse-WDWKX_ses-20180522-sample-2_slice-20180522-slice-2_cell-20180522-sample-2_icephys.nwb
20180522_sample_3,WDWKX-3,sub-mouse-WDWKX_ses-20180522-sample-3_slice-20180522-slice-3_cell-20180522-sample-3_icephys,sub-mouse-WDWKX_ses-20180522-sample-3_slice-20180522-slice-3_cell-20180522-sample-3_icephys.nwb
20180522_sample_4,WDWKX-4,sub-mouse-WDWKX_ses-20180522-sample-4_slice-20180522-slice-4_cell-20180522-sample-4_icephys,sub-mouse-WDWKX_ses-20180522-sample-4_slice-20180522-slice-4_cell-20180522-sample-4_icephys.nwb
20180522_sample_5,WDWKX-5,sub-mouse-WDWKX_ses-20180522-sample-5_slice-20180522-slice-5_cell-20180522-sample-5_icephys,sub-mouse-WDWKX_ses-20180522-sample-5_slice-20180522-slice-5_cell-20180522-sample-5_icephys.nwb
20180522_sample_6,WDWKX-6,sub-mouse-WDWKX_ses-20180522-sample-6_slice-20180522-slice-6_cell-20180522-sample-6_icephys,sub-mouse-WDWKX_ses-20180522-sample-6_slice-20180522-slice-6_cell-20180522-sample-6_icephys.nwb
20180522_sample_7,WDWKX-7,sub-mouse-WDWKX_ses-20180522-sample-7_slice-20180522-slice-7_cell-20180522-sample-7_icephys,sub-mouse-WDWKX_ses-20180522-sample-7_slice-20180522-slice-7_cell-20180522-sample-7_icephys.nwb
20180524_sample_5,QFXET-5,sub-mouse-QFXET_ses-20180524-sample-5_slice-20180524-slice-5_cell-20180524-sample-5_icephys,sub-mouse-QFXET_ses-20180524-sample-5_slice-20180524-slice-5_cell-20180524-sample-5_icephys.nwb
20180524_sample_8,BFVKP-8,sub-mouse-BFVKP_ses-20180524-sample-8_slice-20180524-slice-8_cell-20180524-sample-8_icephys,sub-mouse-BFVKP_ses-20180524-sample-8_slice-20180524-slice-8_cell-20180524-sample-8_icephys.nwb
20180524_sample_9,QFXET-9,sub-mouse-QFXET_ses-20180524-sample-9_slice-20180524-slice-9_cell-20180524-sample-9_icephys,sub-mouse-QFXET_ses-20180524-sample-9_slice-20180524-slice-9_cell-20180524-sample-9_icephys.nwb
20180529_sample_3,PAIFP-3,sub-mouse-PAIFP_ses-20180529-sample-3_slice-20180529-slice-3_cell-20180529-sample-3_icephys,sub-mouse-PAIFP_ses-20180529-sample-3_slice-20180529-slice-3_cell-20180529-sample-3_icephys.nwb
20180608_sample_1,CTDSZ-1,sub-mouse-CTDSZ_ses-20180608-sample-1_slice-20180608-slice-1_cell-20180608-sample-1_icephys,sub-mouse-CTDSZ_ses-20180608-sample-1_slice-20180608-slice-1_cell-20180608-sample-1_icephys.nwb
20180608_sample_2,CTDSZ-2,sub-mouse-CTDSZ_ses-20180608-sample-2_slice-20180608-slice-2_cell-20180608-sample-2_icephys,sub-mouse-CTDSZ_ses-20180608-sample-2_slice-20180608-slice-2_cell-20180608-sample-2_icephys.nwb
20180608_sample_3,CTDSZ-3,sub-mouse-CTDSZ_ses-20180608-sample-3_slice-20180608-slice-3_cell-20180608-sample-3_icephys,sub-mouse-CTDSZ_ses-20180608-sample-3_slice-20180608-slice-3_cell-20180608-sample-3_icephys.nwb
20180608_sample_5,CTDSZ-5,sub-mouse-CTDSZ_ses-20180608-sample-5_slice-20180608-slice-5_cell-20180608-sample-5_icephys,sub-mouse-CTDSZ_ses-20180608-sample-5_slice-20180608-slice-5_cell-20180608-sample-5_icephys.nwb
20180619_sample_3,CSTGT-3,sub-mouse-CSTGT_ses-20180619-sample-3_slice-20180619-slice-3_cell-20180619-sample-3_icephys,sub-mouse-CSTGT_ses-20180619-sample-3_slice-20180619-slice-3_cell-20180619-sample-3_icephys.nwb
20180619_sample_5,CSTGT-5,sub-mouse-CSTGT_ses-20180619-sample-5_slice-20180619-slice-5_cell-20180619-sample-5_icephys,sub-mouse-CSTGT_ses-20180619-sample-5_slice-20180619-slice-5_cell-20180619-sample-5_icephys.nwb
20180619_sample_7,CSTGT-7,sub-mouse-CSTGT_ses-20180619-sample-7_slice-20180619-slice-7_cell-20180619-sample-7_icephys,sub-mouse-CSTGT_ses-20180619-sample-7_slice-20180619-slice-7_cell-20180619-sample-7_icephys.nwb
20180621_sample_1,IAHGR-1,sub-mouse-IAHGR_ses-20180621-sample-1_slice-20180621-slice-1_cell-20180621-sample-1_icephys,sub-mouse-IAHGR_ses-20180621-sample-1_slice-20180621-slice-1_cell-20180621-sample-1_icephys.nwb
20180621_sample_2,IAHGR-2,sub-mouse-IAHGR_ses-20180621-sample-2_slice-20180621-slice-2_cell-20180621-sample-2_icephys,sub-mouse-IAHGR_ses-20180621-sample-2_slice-20180621-slice-2_cell-20180621-sample-2_icephys.nwb
20180621_sample_3,IAHGR-3,sub-mouse-IAHGR_ses-20180621-sample-3_slice-20180621-slice-3_cell-20180621-sample-3_icephys,sub-mouse-IAHGR_ses-20180621-sample-3_slice-20180621-slice-3_cell-20180621-sample-3_icephys.nwb
20180621_sample_4,IAHGR-4,sub-mouse-IAHGR_ses-20180621-sample-4_slice-20180621-slice-4_cell-20180621-sample-4_icephys,sub-mouse-IAHGR_ses-20180621-sample-4_slice-20180621-slice-4_cell-20180621-sample-4_icephys.nwb
20180621_sample_5,IAHGR-5,sub-mouse-IAHGR_ses-20180621-sample-5_slice-20180621-slice-5_cell-20180621-sample-5_icephys,sub-mouse-IAHGR_ses-20180621-sample-5_slice-20180621-slice-5_cell-20180621-sample-5_icephys.nwb
20180621_sample_7,IAHGR-7,sub-mouse-IAHGR_ses-20180621-sample-7_slice-20180621-slice-7_cell-20180621-sample-7_icephys,sub-mouse-IAHGR_ses-20180621-sample-7_slice-20180621-slice-7_cell-20180621-sample-7_icephys.nwb
20180621_sample_8,IAHGR-8,sub-mouse-IAHGR_ses-20180621-sample-8_slice-20180621-slice-8_cell-20180621-sample-8_icephys,sub-mouse-IAHGR_ses-20180621-sample-8_slice-20180621-slice-8_cell-20180621-sample-8_icephys.nwb
20180628_sample_2,HAKYY-2,sub-mouse-HAKYY_ses-20180628-sample-2_slice-20180628-slice-2_cell-20180628-sample-2_icephys,sub-mouse-HAKYY_ses-20180628-sample-2_slice-20180628-slice-2_cell-20180628-sample-2_icephys.nwb
20180628_sample_3,HAKYY-3,sub-mouse-HAKYY_ses-20180628-sample-3_slice-20180628-slice-3_cell-20180628-sample-3_icephys,sub-mouse-HAKYY_ses-20180628-sample-3_slice-20180628-slice-3_cell-20180628-sample-3_icephys.nwb
20180628_sample_4,HAKYY-4,sub-mouse-HAKYY_ses-20180628-sample-4_slice-20180628-slice-4_cell-20180628-sample-4_icephys,sub-mouse-HAKYY_ses-20180628-sample-4_slice-20180628-slice-4_cell-20180628-sample-4_icephys.nwb
20180628_sample_6,HAKYY-6,sub-mouse-HAKYY_ses-20180628-sample-6_slice-20180628-slice-6_cell-20180628-sample-6_icephys,sub-mouse-HAKYY_ses-20180628-sample-6_slice-20180628-slice-6_cell-20180628-sample-6_icephys.nwb
20180628_sample_7,HAKYY-7,sub-mouse-HAKYY_ses-20180628-sample-7_slice-20180628-slice-7_cell-20180628-sample-7_icephys,sub-mouse-HAKYY_ses-20180628-sample-7_slice-20180628-slice-7_cell-20180628-sample-7_icephys.nwb
20180703_sample_1,RWJCG-1,sub-mouse-RWJCG_ses-20180703-sample-1_slice-20180703-slice-1_cell-20180703-sample-1_icephys,sub-mouse-RWJCG_ses-20180703-sample-1_slice-20180703-slice-1_cell-20180703-sample-1_icephys.nwb
20180703_sample_2,RWJCG-2,sub-mouse-RWJCG_ses-20180703-sample-2_slice-20180703-slice-2_cell-20180703-sample-2_icephys,sub-mouse-RWJCG_ses-20180703-sample-2_slice-20180703-slice-2_cell-20180703-sample-2_icephys.nwb
20180703_sample_3,RWJCG-3,sub-mouse-RWJCG_ses-20180703-sample-3_slice-20180703-slice-3_cell-20180703-sample-3_icephys,sub-mouse-RWJCG_ses-20180703-sample-3_slice-20180703-slice-3_cell-20180703-sample-3_icephys.nwb
20180704_sample_1,PZPYT-1,sub-mouse-PZPYT_ses-20180704-sample-1_slice-20180704-slice-1_cell-20180704-sample-1_icephys,sub-mouse-PZPYT_ses-20180704-sample-1_slice-20180704-slice-1_cell-20180704-sample-1_icephys.nwb
20180704_sample_2,PZPYT-2,sub-mouse-PZPYT_ses-20180704-sample-2_slice-20180704-slice-2_cell-20180704-sample-2_icephys,sub-mouse-PZPYT_ses-20180704-sample-2_slice-20180704-slice-2_cell-20180704-sample-2_icephys.nwb
20180704_sample_3,PZPYT-3,sub-mouse-PZPYT_ses-20180704-sample-3_slice-20180704-slice-3_cell-20180704-sample-3_icephys,sub-mouse-PZPYT_ses-20180704-sample-3_slice-20180704-slice-3_cell-20180704-sample-3_icephys.nwb
20180704_sample_4,PZPYT-4,sub-mouse-PZPYT_ses-20180704-sample-4_slice-20180704-slice-4_cell-20180704-sample-4_icephys,sub-mouse-PZPYT_ses-20180704-sample-4_slice-20180704-slice-4_cell-20180704-sample-4_icephys.nwb
20180704_sample_5,PZPYT-5,sub-mouse-PZPYT_ses-20180704-sample-5_slice-20180704-slice-5_cell-20180704-sample-5_icephys,sub-mouse-PZPYT_ses-20180704-sample-5_slice-20180704-slice-5_cell-20180704-sample-5_icephys.nwb
20180705_sample_1,QBAPL-1,sub-mouse-QBAPL_ses-20180705-sample-1_slice-20180705-slice-1_cell-20180705-sample-1_icephys,sub-mouse-QBAPL_ses-20180705-sample-1_slice-20180705-slice-1_cell-20180705-sample-1_icephys.nwb
20180705_sample_4,QBAPL-4,sub-mouse-QBAPL_ses-20180705-sample-4_slice-20180705-slice-4_cell-20180705-sample-4_icephys,sub-mouse-QBAPL_ses-20180705-sample-4_slice-20180705-slice-4_cell-20180705-sample-4_icephys.nwb
20180709_sample_2,EEWII-2,sub-mouse-EEWII_ses-20180709-sample-2_slice-20180709-slice-2_cell-20180709-sample-2_icephys,sub-mouse-EEWII_ses-20180709-sample-2_slice-20180709-slice-2_cell-20180709-sample-2_icephys.nwb
20180709_sample_3,EEWII-3,sub-mouse-EEWII_ses-20180709-sample-3_slice-20180709-slice-3_cell-20180709-sample-3_icephys,sub-mouse-EEWII_ses-20180709-sample-3_slice-20180709-slice-3_cell-20180709-sample-3_icephys.nwb
20180709_sample_4,EEWII-4,sub-mouse-EEWII_ses-20180709-sample-4_slice-20180709-slice-4_cell-20180709-sample-4_icephys,sub-mouse-EEWII_ses-20180709-sample-4_slice-20180709-slice-4_cell-20180709-sample-4_icephys.nwb
20180709_sample_6,EEWII-6,sub-mouse-EEWII_ses-20180709-sample-6_slice-20180709-slice-6_cell-20180709-sample-6_icephys,sub-mouse-EEWII_ses-20180709-sample-6_slice-20180709-slice-6_cell-20180709-sample-6_icephys.nwb
20180710_sample_1,CSPPC-1,sub-mouse-CSPPC_ses-20180710-sample-1_slice-20180710-slice-1_cell-20180710-sample-1_icephys,sub-mouse-CSPPC_ses-20180710-sample-1_slice-20180710-slice-1_cell-20180710-sample-1_icephys.nwb
20180710_sample_2,CSPPC-2,sub-mouse-CSPPC_ses-20180710-sample-2_slice-20180710-slice-2_cell-20180710-sample-2_icephys,sub-mouse-CSPPC_ses-20180710-sample-2_slice-20180710-slice-2_cell-20180710-sample-2_icephys.nwb
20180710_sample_3,CSPPC-3,sub-mouse-CSPPC_ses-20180710-sample-3_slice-20180710-slice-3_cell-20180710-sample-3_icephys,sub-mouse-CSPPC_ses-20180710-sample-3_slice-20180710-slice-3_cell-20180710-sample-3_icephys.nwb
20180710_sample_5,CSPPC-5,sub-mouse-CSPPC_ses-20180710-sample-5_slice-20180710-slice-5_cell-20180710-sample-5_icephys,sub-mouse-CSPPC_ses-20180710-sample-5_slice-20180710-slice-5_cell-20180710-sample-5_icephys.nwb
20180711_sample_1,TXVXA-1,sub-mouse-TXVXA_ses-20180711-sample-1_slice-20180711-slice-1_cell-20180711-sample-1_icephys,sub-mouse-TXVXA_ses-20180711-sample-1_slice-20180711-slice-1_cell-20180711-sample-1_icephys.nwb
20180711_sample_2,TXVXA-2,sub-mouse-TXVXA_ses-20180711-sample-2_slice-20180711-slice-2_cell-20180711-sample-2_icephys,sub-mouse-TXVXA_ses-20180711-sample-2_slice-20180711-slice-2_cell-20180711-sample-2_icephys.nwb
20180711_sample_3,TXVXA-3,sub-mouse-TXVXA_ses-20180711-sample-3_slice-20180711-slice-3_cell-20180711-sample-3_icephys,sub-mouse-TXVXA_ses-20180711-sample-3_slice-20180711-slice-3_cell-20180711-sample-3_icephys.nwb
20180711_sample_4,TXVXA-4,sub-mouse-TXVXA_ses-20180711-sample-4_slice-20180711-slice-4_cell-20180711-sample-4_icephys,sub-mouse-TXVXA_ses-20180711-sample-4_slice-20180711-slice-4_cell-20180711-sample-4_icephys.nwb
20180712_sample_11,XTKQH-11,sub-mouse-XTKQH_ses-20180712-sample-11_slice-20180712-slice-11_cell-20180712-sample-11_icephys,sub-mouse-XTKQH_ses-20180712-sample-11_slice-20180712-slice-11_cell-20180712-sample-11_icephys.nwb
20180712_sample_12,XTKQH-12,sub-mouse-XTKQH_ses-20180712-sample-12_slice-20180712-slice-12_cell-20180712-sample-12_icephys,sub-mouse-XTKQH_ses-20180712-sample-12_slice-20180712-slice-12_cell-20180712-sample-12_icephys.nwb
20180712_sample_13,XTKQH-13,sub-mouse-XTKQH_ses-20180712-sample-13_slice-20180712-slice-13_cell-20180712-sample-13_icephys,sub-mouse-XTKQH_ses-20180712-sample-13_slice-20180712-slice-13_cell-20180712-sample-13_icephys.nwb
20180712_sample_14,XTKQH-14,sub-mouse-XTKQH_ses-20180712-sample-14_slice-20180712-slice-14_cell-20180712-sample-14_icephys,sub-mouse-XTKQH_ses-20180712-sample-14_slice-20180712-slice-14_cell-20180712-sample-14_icephys.nwb
20180712_sample_15,XTKQH-15,sub-mouse-XTKQH_ses-20180712-sample-15_slice-20180712-slice-15_cell-20180712-sample-15_icephys,sub-mouse-XTKQH_ses-20180712-sample-15_slice-20180712-slice-15_cell-20180712-sample-15_icephys.nwb
20180712_sample_2,XTKQH-2,sub-mouse-XTKQH_ses-20180712-sample-2_slice-20180712-slice-2_cell-20180712-sample-2_icephys,sub-mouse-XTKQH_ses-20180712-sample-2_slice-20180712-slice-2_cell-20180712-sample-2_icephys.nwb
20180712_sample_3,XTKQH-3,sub-mouse-XTKQH_ses-20180712-sample-3_slice-20180712-slice-3_cell-20180712-sample-3_icephys,sub-mouse-XTKQH_ses-20180712-sample-3_slice-20180712-slice-3_cell-20180712-sample-3_icephys.nwb
20180712_sample_5,XTKQH-5,sub-mouse-XTKQH_ses-20180712-sample-5_slice-20180712-slice-5_cell-20180712-sample-5_icephys,sub-mouse-XTKQH_ses-20180712-sample-5_slice-20180712-slice-5_cell-20180712-sample-5_icephys.nwb
20180717_sample_1,DFHTC-1,sub-mouse-DFHTC_ses-20180717-sample-1_slice-20180717-slice-1_cell-20180717-sample-1_icephys,sub-mouse-DFHTC_ses-20180717-sample-1_slice-20180717-slice-1_cell-20180717-sample-1_icephys.nwb
20180717_sample_2,DFHTC-2,sub-mouse-DFHTC_ses-20180717-sample-2_slice-20180717-slice-2_cell-20180717-sample-2_icephys,sub-mouse-DFHTC_ses-20180717-sample-2_slice-20180717-slice-2_cell-20180717-sample-2_icephys.nwb
20180717_sample_3,DFHTC-3,sub-mouse-DFHTC_ses-20180717-sample-3_slice-20180717-slice-3_cell-20180717-sample-3_icephys,sub-mouse-DFHTC_ses-20180717-sample-3_slice-20180717-slice-3_cell-20180717-sample-3_icephys.nwb
20180717_sample_4,DFHTC-4,sub-mouse-DFHTC_ses-20180717-sample-4_slice-20180717-slice-4_cell-20180717-sample-4_icephys,sub-mouse-DFHTC_ses-20180717-sample-4_slice-20180717-slice-4_cell-20180717-sample-4_icephys.nwb
20180717_sample_6,DFHTC-6,sub-mouse-DFHTC_ses-20180717-sample-6_slice-20180717-slice-6_cell-20180717-sample-6_icephys,sub-mouse-DFHTC_ses-20180717-sample-6_slice-20180717-slice-6_cell-20180717-sample-6_icephys.nwb
20180717_sample_7,DFHTC-7,sub-mouse-DFHTC_ses-20180717-sample-7_slice-20180717-slice-7_cell-20180717-sample-7_icephys,sub-mouse-DFHTC_ses-20180717-sample-7_slice-20180717-slice-7_cell-20180717-sample-7_icephys.nwb
20180718_sample_2,PYCYR-2,sub-mouse-PYCYR_ses-20180718-sample-2_slice-20180718-slice-2_cell-20180718-sample-2_icephys,sub-mouse-PYCYR_ses-20180718-sample-2_slice-20180718-slice-2_cell-20180718-sample-2_icephys.nwb
20180718_sample_3,PYCYR-3,sub-mouse-PYCYR_ses-20180718-sample-3_slice-20180718-slice-3_cell-20180718-sample-3_icephys,sub-mouse-PYCYR_ses-20180718-sample-3_slice-20180718-slice-3_cell-20180718-sample-3_icephys.nwb
20180718_sample_4,PYCYR-4,sub-mouse-PYCYR_ses-20180718-sample-4_slice-20180718-slice-4_cell-20180718-sample-4_icephys,sub-mouse-PYCYR_ses-20180718-sample-4_slice-20180718-slice-4_cell-20180718-sample-4_icephys.nwb
20180719_sample_1,NRBVC-1,sub-mouse-NRBVC_ses-20180719-sample-1_slice-20180719-slice-1_cell-20180719-sample-1_icephys,sub-mouse-NRBVC_ses-20180719-sample-1_slice-20180719-slice-1_cell-20180719-sample-1_icephys.nwb
20180719_sample_4,NRBVC-4,sub-mouse-NRBVC_ses-20180719-sample-4_slice-20180719-slice-4_cell-20180719-sample-4_icephys,sub-mouse-NRBVC_ses-20180719-sample-4_slice-20180719-slice-4_cell-20180719-sample-4_icephys.nwb
20180720_sample_2,PIDAD-2,sub-mouse-PIDAD_ses-20180720-sample-2_slice-20180720-slice-2_cell-20180720-sample-2_icephys,sub-mouse-PIDAD_ses-20180720-sample-2_slice-20180720-slice-2_cell-20180720-sample-2_icephys.nwb
20180720_sample_3,PIDAD-3,sub-mouse-PIDAD_ses-20180720-sample-3_slice-20180720-slice-3_cell-20180720-sample-3_icephys,sub-mouse-PIDAD_ses-20180720-sample-3_slice-20180720-slice-3_cell-20180720-sample-3_icephys.nwb
20180720_sample_5,PIDAD-5,sub-mouse-PIDAD_ses-20180720-sample-5_slice-20180720-slice-5_cell-20180720-sample-5_icephys,sub-mouse-PIDAD_ses-20180720-sample-5_slice-20180720-slice-5_cell-20180720-sample-5_icephys.nwb
20180725_sample_3,ANUPT-3,sub-mouse-ANUPT_ses-20180725-sample-3_slice-20180725-slice-3_cell-20180725-sample-3_icephys,sub-mouse-ANUPT_ses-20180725-sample-3_slice-20180725-slice-3_cell-20180725-sample-3_icephys.nwb
20180725_sample_4,ANUPT-4,sub-mouse-ANUPT_ses-20180725-sample-4_slice-20180725-slice-4_cell-20180725-sample-4_icephys,sub-mouse-ANUPT_ses-20180725-sample-4_slice-20180725-slice-4_cell-20180725-sample-4_icephys.nwb
20180725_sample_6,ANUPT-6,sub-mouse-ANUPT_ses-20180725-sample-6_slice-20180725-slice-6_cell-20180725-sample-6_icephys,sub-mouse-ANUPT_ses-20180725-sample-6_slice-20180725-slice-6_cell-20180725-sample-6_icephys.nwb
20180725_sample_7,ANUPT-7,sub-mouse-ANUPT_ses-20180725-sample-7_slice-20180725-slice-7_cell-20180725-sample-7_icephys,sub-mouse-ANUPT_ses-20180725-sample-7_slice-20180725-slice-7_cell-20180725-sample-7_icephys.nwb
20180725_sample_9,ANUPT-9,sub-mouse-ANUPT_ses-20180725-sample-9_slice-20180725-slice-9_cell-20180725-sample-9_icephys,sub-mouse-ANUPT_ses-20180725-sample-9_slice-20180725-slice-9_cell-20180725-sample-9_icephys.nwb
20180726_sample_3,XHGCQ-3,sub-mouse-XHGCQ_ses-20180726-sample-3_slice-20180726-slice-3_cell-20180726-sample-3_icephys,sub-mouse-XHGCQ_ses-20180726-sample-3_slice-20180726-slice-3_cell-20180726-sample-3_icephys.nwb
20180726_sample_4,XHGCQ-4,sub-mouse-XHGCQ_ses-20180726-sample-4_slice-20180726-slice-4_cell-20180726-sample-4_icephys,sub-mouse-XHGCQ_ses-20180726-sample-4_slice-20180726-slice-4_cell-20180726-sample-4_icephys.nwb
20180726_sample_5,XHGCQ-5,sub-mouse-XHGCQ_ses-20180726-sample-5_slice-20180726-slice-5_cell-20180726-sample-5_icephys,sub-mouse-XHGCQ_ses-20180726-sample-5_slice-20180726-slice-5_cell-20180726-sample-5_icephys.nwb
20180726_sample_6,XHGCQ-6,sub-mouse-XHGCQ_ses-20180726-sample-6_slice-20180726-slice-6_cell-20180726-sample-6_icephys,sub-mouse-XHGCQ_ses-20180726-sample-6_slice-20180726-slice-6_cell-20180726-sample-6_icephys.nwb
20180726_sample_7,XHGCQ-7,sub-mouse-XHGCQ_ses-20180726-sample-7_slice-20180726-slice-7_cell-20180726-sample-7_icephys,sub-mouse-XHGCQ_ses-20180726-sample-7_slice-20180726-slice-7_cell-20180726-sample-7_icephys.nwb
20180817_sample_2,APLSV-2,sub-mouse-APLSV_ses-20180817-sample-2_slice-20180817-slice-2_cell-20180817-sample-2_icephys,sub-mouse-APLSV_ses-20180817-sample-2_slice-20180817-slice-2_cell-20180817-sample-2_icephys.nwb
20180817_sample_3,APLSV-3,sub-mouse-APLSV_ses-20180817-sample-3_slice-20180817-slice-3_cell-20180817-sample-3_icephys,sub-mouse-APLSV_ses-20180817-sample-3_slice-20180817-slice-3_cell-20180817-sample-3_icephys.nwb
20180817_sample_4,APLSV-4,sub-mouse-APLSV_ses-20180817-sample-4_slice-20180817-slice-4_cell-20180817-sample-4_icephys,sub-mouse-APLSV_ses-20180817-sample-4_slice-20180817-slice-4_cell-20180817-sample-4_icephys.nwb
20180817_sample_5,APLSV-5,sub-mouse-APLSV_ses-20180817-sample-5_slice-20180817-slice-5_cell-20180817-sample-5_icephys,sub-mouse-APLSV_ses-20180817-sample-5_slice-20180817-slice-5_cell-20180817-sample-5_icephys.nwb
20180817_sample_6,APLSV-6,sub-mouse-APLSV_ses-20180817-sample-6_slice-20180817-slice-6_cell-20180817-sample-6_icephys,sub-mouse-APLSV_ses-20180817-sample-6_slice-20180817-slice-6_cell-20180817-sample-6_icephys.nwb
20180817_sample_7,APLSV-7,sub-mouse-APLSV_ses-20180817-sample-7_slice-20180817-slice-7_cell-20180817-sample-7_icephys,sub-mouse-APLSV_ses-20180817-sample-7_slice-20180817-slice-7_cell-20180817-sample-7_icephys.nwb
20180820_sample_1,WVNFF-1,sub-mouse-WVNFF_ses-20180820-sample-1_slice-20180820-slice-1_cell-20180820-sample-1_icephys,sub-mouse-WVNFF_ses-20180820-sample-1_slice-20180820-slice-1_cell-20180820-sample-1_icephys.nwb
20180820_sample_2,WVNFF-2,sub-mouse-WVNFF_ses-20180820-sample-2_slice-20180820-slice-2_cell-20180820-sample-2_icephys,sub-mouse-WVNFF_ses-20180820-sample-2_slice-20180820-slice-2_cell-20180820-sample-2_icephys.nwb
20180820_sample_3,WVNFF-3,sub-mouse-WVNFF_ses-20180820-sample-3_slice-20180820-slice-3_cell-20180820-sample-3_icephys,sub-mouse-WVNFF_ses-20180820-sample-3_slice-20180820-slice-3_cell-20180820-sample-3_icephys.nwb
20180820_sample_4,WVNFF-4,sub-mouse-WVNFF_ses-20180820-sample-4_slice-20180820-slice-4_cell-20180820-sample-4_icephys,sub-mouse-WVNFF_ses-20180820-sample-4_slice-20180820-slice-4_cell-20180820-sample-4_icephys.nwb
20180820_sample_5,WVNFF-5,sub-mouse-WVNFF_ses-20180820-sample-5_slice-20180820-slice-5_cell-20180820-sample-5_icephys,sub-mouse-WVNFF_ses-20180820-sample-5_slice-20180820-slice-5_cell-20180820-sample-5_icephys.nwb
20180820_sample_6,WVNFF-6,sub-mouse-WVNFF_ses-20180820-sample-6_slice-20180820-slice-6_cell-20180820-sample-6_icephys,sub-mouse-WVNFF_ses-20180820-sample-6_slice-20180820-slice-6_cell-20180820-sample-6_icephys.nwb
20180820_sample_7,WVNFF-7,sub-mouse-WVNFF_ses-20180820-sample-7_slice-20180820-slice-7_cell-20180820-sample-7_icephys,sub-mouse-WVNFF_ses-20180820-sample-7_slice-20180820-slice-7_cell-20180820-sample-7_icephys.nwb
20180822_sample_1,MSVHB-1,sub-mouse-MSVHB_ses-20180822-sample-1_slice-20180822-slice-1_cell-20180822-sample-1_icephys,sub-mouse-MSVHB_ses-20180822-sample-1_slice-20180822-slice-1_cell-20180822-sample-1_icephys.nwb
20180822_sample_2,MSVHB-2,sub-mouse-MSVHB_ses-20180822-sample-2_slice-20180822-slice-2_cell-20180822-sample-2_icephys,sub-mouse-MSVHB_ses-20180822-sample-2_slice-20180822-slice-2_cell-20180822-sample-2_icephys.nwb
20180822_sample_3,MSVHB-3,sub-mouse-MSVHB_ses-20180822-sample-3_slice-20180822-slice-3_cell-20180822-sample-3_icephys,sub-mouse-MSVHB_ses-20180822-sample-3_slice-20180822-slice-3_cell-20180822-sample-3_icephys.nwb
20180822_sample_4,MSVHB-4,sub-mouse-MSVHB_ses-20180822-sample-4_slice-20180822-slice-4_cell-20180822-sample-4_icephys,sub-mouse-MSVHB_ses-20180822-sample-4_slice-20180822-slice-4_cell-20180822-sample-4_icephys.nwb
20180822_sample_6,MSVHB-6,sub-mouse-MSVHB_ses-20180822-sample-6_slice-20180822-slice-6_cell-20180822-sample-6_icephys,sub-mouse-MSVHB_ses-20180822-sample-6_slice-20180822-slice-6_cell-20180822-sample-6_icephys.nwb
20180822_sample_7,MSVHB-7,sub-mouse-MSVHB_ses-20180822-sample-7_slice-20180822-slice-7_cell-20180822-sample-7_icephys,sub-mouse-MSVHB_ses-20180822-sample-7_slice-20180822-slice-7_cell-20180822-sample-7_icephys.nwb
20180828_sample_2,UAOAE-2,sub-mouse-UAOAE_ses-20180828-sample-2_slice-20180828-slice-2_cell-20180828-sample-2_icephys,sub-mouse-UAOAE_ses-20180828-sample-2_slice-20180828-slice-2_cell-20180828-sample-2_icephys.nwb
20180828_sample_3,UAOAE-3,sub-mouse-UAOAE_ses-20180828-sample-3_slice-20180828-slice-3_cell-20180828-sample-3_icephys,sub-mouse-UAOAE_ses-20180828-sample-3_slice-20180828-slice-3_cell-20180828-sample-3_icephys.nwb
20180828_sample_4,UAOAE-4,sub-mouse-UAOAE_ses-20180828-sample-4_slice-20180828-slice-4_cell-20180828-sample-4_icephys,sub-mouse-UAOAE_ses-20180828-sample-4_slice-20180828-slice-4_cell-20180828-sample-4_icephys.nwb
20180828_sample_5,UAOAE-5,sub-mouse-UAOAE_ses-20180828-sample-5_slice-20180828-slice-5_cell-20180828-sample-5_icephys,sub-mouse-UAOAE_ses-20180828-sample-5_slice-20180828-slice-5_cell-20180828-sample-5_icephys.nwb
20180828_sample_6,UAOAE-6,sub-mouse-UAOAE_ses-20180828-sample-6_slice-20180828-slice-6_cell-20180828-sample-6_icephys,sub-mouse-UAOAE_ses-20180828-sample-6_slice-20180828-slice-6_cell-20180828-sample-6_icephys.nwb
20180828_sample_7,UAOAE-7,sub-mouse-UAOAE_ses-20180828-sample-7_slice-20180828-slice-7_cell-20180828-sample-7_icephys,sub-mouse-UAOAE_ses-20180828-sample-7_slice-20180828-slice-7_cell-20180828-sample-7_icephys.nwb
20180828_sample_8,UAOAE-8,sub-mouse-UAOAE_ses-20180828-sample-8_slice-20180828-slice-8_cell-20180828-sample-8_icephys,sub-mouse-UAOAE_ses-20180828-sample-8_slice-20180828-slice-8_cell-20180828-sample-8_icephys.nwb
20180829_sample_1,PSDCQ-1,sub-mouse-PSDCQ_ses-20180829-sample-1_slice-20180829-slice-1_cell-20180829-sample-1_icephys,sub-mouse-PSDCQ_ses-20180829-sample-1_slice-20180829-slice-1_cell-20180829-sample-1_icephys.nwb
20180829_sample_2,PSDCQ-2,sub-mouse-PSDCQ_ses-20180829-sample-2_slice-20180829-slice-2_cell-20180829-sample-2_icephys,sub-mouse-PSDCQ_ses-20180829-sample-2_slice-20180829-slice-2_cell-20180829-sample-2_icephys.nwb
20180829_sample_3,PSDCQ-3,sub-mouse-PSDCQ_ses-20180829-sample-3_slice-20180829-slice-3_cell-20180829-sample-3_icephys,sub-mouse-PSDCQ_ses-20180829-sample-3_slice-20180829-slice-3_cell-20180829-sample-3_icephys.nwb
20180829_sample_4,PSDCQ-4,sub-mouse-PSDCQ_ses-20180829-sample-4_slice-20180829-slice-4_cell-20180829-sample-4_icephys,sub-mouse-PSDCQ_ses-20180829-sample-4_slice-20180829-slice-4_cell-20180829-sample-4_icephys.nwb
20180829_sample_5,PSDCQ-5,sub-mouse-PSDCQ_ses-20180829-sample-5_slice-20180829-slice-5_cell-20180829-sample-5_icephys,sub-mouse-PSDCQ_ses-20180829-sample-5_slice-20180829-slice-5_cell-20180829-sample-5_icephys.nwb
20180829_sample_6,PSDCQ-6,sub-mouse-PSDCQ_ses-20180829-sample-6_slice-20180829-slice-6_cell-20180829-sample-6_icephys,sub-mouse-PSDCQ_ses-20180829-sample-6_slice-20180829-slice-6_cell-20180829-sample-6_icephys.nwb
20180829_sample_7,PSDCQ-7,sub-mouse-PSDCQ_ses-20180829-sample-7_slice-20180829-slice-7_cell-20180829-sample-7_icephys,sub-mouse-PSDCQ_ses-20180829-sample-7_slice-20180829-slice-7_cell-20180829-sample-7_icephys.nwb
20180829_sample_8,PSDCQ-8,sub-mouse-PSDCQ_ses-20180829-sample-8_slice-20180829-slice-8_cell-20180829-sample-8_icephys,sub-mouse-PSDCQ_ses-20180829-sample-8_slice-20180829-slice-8_cell-20180829-sample-8_icephys.nwb
20180830_sample_1,QLNUF-1,sub-mouse-QLNUF_ses-20180830-sample-1_slice-20180830-slice-1_cell-20180830-sample-1_icephys,sub-mouse-QLNUF_ses-20180830-sample-1_slice-20180830-slice-1_cell-20180830-sample-1_icephys.nwb
20180830_sample_2,QLNUF-2,sub-mouse-QLNUF_ses-20180830-sample-2_slice-20180830-slice-2_cell-20180830-sample-2_icephys,sub-mouse-QLNUF_ses-20180830-sample-2_slice-20180830-slice-2_cell-20180830-sample-2_icephys.nwb
20180830_sample_5,QLNUF-5,sub-mouse-QLNUF_ses-20180830-sample-5_slice-20180830-slice-5_cell-20180830-sample-5_icephys,sub-mouse-QLNUF_ses-20180830-sample-5_slice-20180830-slice-5_cell-20180830-sample-5_icephys.nwb
20180830_sample_6,QLNUF-6,sub-mouse-QLNUF_ses-20180830-sample-6_slice-20180830-slice-6_cell-20180830-sample-6_icephys,sub-mouse-QLNUF_ses-20180830-sample-6_slice-20180830-slice-6_cell-20180830-sample-6_icephys.nwb
20180904_sample_1,CIEXQ-1,sub-mouse-CIEXQ_ses-20180904-sample-1_slice-20180904-slice-1_cell-20180904-sample-1_icephys,sub-mouse-CIEXQ_ses-20180904-sample-1_slice-20180904-slice-1_cell-20180904-sample-1_icephys.nwb
20180904_sample_2,CIEXQ-2,sub-mouse-CIEXQ_ses-20180904-sample-2_slice-20180904-slice-2_cell-20180904-sample-2_icephys,sub-mouse-CIEXQ_ses-20180904-sample-2_slice-20180904-slice-2_cell-20180904-sample-2_icephys.nwb
20180904_sample_3,CIEXQ-3,sub-mouse-CIEXQ_ses-20180904-sample-3_slice-20180904-slice-3_cell-20180904-sample-3_icephys,sub-mouse-CIEXQ_ses-20180904-sample-3_slice-20180904-slice-3_cell-20180904-sample-3_icephys.nwb
20180904_sample_4,CIEXQ-4,sub-mouse-CIEXQ_ses-20180904-sample-4_slice-20180904-slice-4_cell-20180904-sample-4_icephys,sub-mouse-CIEXQ_ses-20180904-sample-4_slice-20180904-slice-4_cell-20180904-sample-4_icephys.nwb
20180904_sample_5,CIEXQ-5,sub-mouse-CIEXQ_ses-20180904-sample-5_slice-20180904-slice-5_cell-20180904-sample-5_icephys,sub-mouse-CIEXQ_ses-20180904-sample-5_slice-20180904-slice-5_cell-20180904-sample-5_icephys.nwb
20180904_sample_6,CIEXQ-6,sub-mouse-CIEXQ_ses-20180904-sample-6_slice-20180904-slice-6_cell-20180904-sample-6_icephys,sub-mouse-CIEXQ_ses-20180904-sample-6_slice-20180904-slice-6_cell-20180904-sample-6_icephys.nwb
20180904_sample_7,CIEXQ-7,sub-mouse-CIEXQ_ses-20180904-sample-7_slice-20180904-slice-7_cell-20180904-sample-7_icephys,sub-mouse-CIEXQ_ses-20180904-sample-7_slice-20180904-slice-7_cell-20180904-sample-7_icephys.nwb
20180904_sample_9,CIEXQ-9,sub-mouse-CIEXQ_ses-20180904-sample-9_slice-20180904-slice-9_cell-20180904-sample-9_icephys,sub-mouse-CIEXQ_ses-20180904-sample-9_slice-20180904-slice-9_cell-20180904-sample-9_icephys.nwb
20180905_sample_1,NUCAT-1,sub-mouse-NUCAT_ses-20180905-sample-1_slice-20180905-slice-1_cell-20180905-sample-1_icephys,sub-mouse-NUCAT_ses-20180905-sample-1_slice-20180905-slice-1_cell-20180905-sample-1_icephys.nwb
20180905_sample_2,NUCAT-2,sub-mouse-NUCAT_ses-20180905-sample-2_slice-20180905-slice-2_cell-20180905-sample-2_icephys,sub-mouse-NUCAT_ses-20180905-sample-2_slice-20180905-slice-2_cell-20180905-sample-2_icephys.nwb
20180910_sample_2,UWACR-2,sub-mouse-UWACR_ses-20180910-sample-2_slice-20180910-slice-2_cell-20180910-sample-2_icephys,sub-mouse-UWACR_ses-20180910-sample-2_slice-20180910-slice-2_cell-20180910-sample-2_icephys.nwb
20180910_sample_3,UWACR-3,sub-mouse-UWACR_ses-20180910-sample-3_slice-20180910-slice-3_cell-20180910-sample-3_icephys,sub-mouse-UWACR_ses-20180910-sample-3_slice-20180910-slice-3_cell-20180910-sample-3_icephys.nwb
20180911_sample_1,YJVZC-1,sub-mouse-YJVZC_ses-20180911-sample-1_slice-20180911-slice-1_cell-20180911-sample-1_icephys,sub-mouse-YJVZC_ses-20180911-sample-1_slice-20180911-slice-1_cell-20180911-sample-1_icephys.nwb
20180911_sample_2,YJVZC-2,sub-mouse-YJVZC_ses-20180911-sample-2_slice-20180911-slice-2_cell-20180911-sample-2_icephys,sub-mouse-YJVZC_ses-20180911-sample-2_slice-20180911-slice-2_cell-20180911-sample-2_icephys.nwb
20180911_sample_3,YJVZC-3,sub-mouse-YJVZC_ses-20180911-sample-3_slice-20180911-slice-3_cell-20180911-sample-3_icephys,sub-mouse-YJVZC_ses-20180911-sample-3_slice-20180911-slice-3_cell-20180911-sample-3_icephys.nwb
20180911_sample_5,YJVZC-5,sub-mouse-YJVZC_ses-20180911-sample-5_slice-20180911-slice-5_cell-20180911-sample-5_icephys,sub-mouse-YJVZC_ses-20180911-sample-5_slice-20180911-slice-5_cell-20180911-sample-5_icephys.nwb
20180911_sample_6,YJVZC-6,sub-mouse-YJVZC_ses-20180911-sample-6_slice-20180911-slice-6_cell-20180911-sample-6_icephys,sub-mouse-YJVZC_ses-20180911-sample-6_slice-20180911-slice-6_cell-20180911-sample-6_icephys.nwb
20180912_sample_2,HNXRO-2,sub-mouse-HNXRO_ses-20180912-sample-2_slice-20180912-slice-2_cell-20180912-sample-2_icephys,sub-mouse-HNXRO_ses-20180912-sample-2_slice-20180912-slice-2_cell-20180912-sample-2_icephys.nwb
20180912_sample_3,HNXRO-3,sub-mouse-HNXRO_ses-20180912-sample-3_slice-20180912-slice-3_cell-20180912-sample-3_icephys,sub-mouse-HNXRO_ses-20180912-sample-3_slice-20180912-slice-3_cell-20180912-sample-3_icephys.nwb
20180912_sample_6,HNXRO-6,sub-mouse-HNXRO_ses-20180912-sample-6_slice-20180912-slice-6_cell-20180912-sample-6_icephys,sub-mouse-HNXRO_ses-20180912-sample-6_slice-20180912-slice-6_cell-20180912-sample-6_icephys.nwb
20180913_sample_2,VWBJB-2,sub-mouse-VWBJB_ses-20180913-sample-2_slice-20180913-slice-2_cell-20180913-sample-2_icephys,sub-mouse-VWBJB_ses-20180913-sample-2_slice-20180913-slice-2_cell-20180913-sample-2_icephys.nwb
20180917_sample_1,ZQHAI-1,sub-mouse-ZQHAI_ses-20180917-sample-1_slice-20180917-slice-1_cell-20180917-sample-1_icephys,sub-mouse-ZQHAI_ses-20180917-sample-1_slice-20180917-slice-1_cell-20180917-sample-1_icephys.nwb
20180917_sample_2,ZQHAI-2,sub-mouse-ZQHAI_ses-20180917-sample-2_slice-20180917-slice-2_cell-20180917-sample-2_icephys,sub-mouse-ZQHAI_ses-20180917-sample-2_slice-20180917-slice-2_cell-20180917-sample-2_icephys.nwb
20180917_sample_3,ZQHAI-3,sub-mouse-ZQHAI_ses-20180917-sample-3_slice-20180917-slice-3_cell-20180917-sample-3_icephys,sub-mouse-ZQHAI_ses-20180917-sample-3_slice-20180917-slice-3_cell-20180917-sample-3_icephys.nwb
20180917_sample_4,ZQHAI-4,sub-mouse-ZQHAI_ses-20180917-sample-4_slice-20180917-slice-4_cell-20180917-sample-4_icephys,sub-mouse-ZQHAI_ses-20180917-sample-4_slice-20180917-slice-4_cell-20180917-sample-4_icephys.nwb
20180917_sample_5,ZQHAI-5,sub-mouse-ZQHAI_ses-20180917-sample-5_slice-20180917-slice-5_cell-20180917-sample-5_icephys,sub-mouse-ZQHAI_ses-20180917-sample-5_slice-20180917-slice-5_cell-20180917-sample-5_icephys.nwb
20180918_sample_1,KVPGJ-1,sub-mouse-KVPGJ_ses-20180918-sample-1_slice-20180918-slice-1_cell-20180918-sample-1_icephys,sub-mouse-KVPGJ_ses-20180918-sample-1_slice-20180918-slice-1_cell-20180918-sample-1_icephys.nwb
20180918_sample_2,KVPGJ-2,sub-mouse-KVPGJ_ses-20180918-sample-2_slice-20180918-slice-2_cell-20180918-sample-2_icephys,sub-mouse-KVPGJ_ses-20180918-sample-2_slice-20180918-slice-2_cell-20180918-sample-2_icephys.nwb
20180918_sample_3,KVPGJ-3,sub-mouse-KVPGJ_ses-20180918-sample-3_slice-20180918-slice-3_cell-20180918-sample-3_icephys,sub-mouse-KVPGJ_ses-20180918-sample-3_slice-20180918-slice-3_cell-20180918-sample-3_icephys.nwb
20180920_sample_1,WZCRY-1,sub-mouse-WZCRY_ses-20180920-sample-1_slice-20180920-slice-1_cell-20180920-sample-1_icephys,sub-mouse-WZCRY_ses-20180920-sample-1_slice-20180920-slice-1_cell-20180920-sample-1_icephys.nwb
20180920_sample_2,WZCRY-2,sub-mouse-WZCRY_ses-20180920-sample-2_slice-20180920-slice-2_cell-20180920-sample-2_icephys,sub-mouse-WZCRY_ses-20180920-sample-2_slice-20180920-slice-2_cell-20180920-sample-2_icephys.nwb
20180920_sample_3,WZCRY-3,sub-mouse-WZCRY_ses-20180920-sample-3_slice-20180920-slice-3_cell-20180920-sample-3_icephys,sub-mouse-WZCRY_ses-20180920-sample-3_slice-20180920-slice-3_cell-20180920-sample-3_icephys.nwb
20180920_sample_4,WZCRY-4,sub-mouse-WZCRY_ses-20180920-sample-4_slice-20180920-slice-4_cell-20180920-sample-4_icephys,sub-mouse-WZCRY_ses-20180920-sample-4_slice-20180920-slice-4_cell-20180920-sample-4_icephys.nwb
20180921_sample_1,XMZGY-1,sub-mouse-XMZGY_ses-20180921-sample-1_slice-20180921-slice-1_cell-20180921-sample-1_icephys,sub-mouse-XMZGY_ses-20180921-sample-1_slice-20180921-slice-1_cell-20180921-sample-1_icephys.nwb
20180921_sample_2,XMZGY-2,sub-mouse-XMZGY_ses-20180921-sample-2_slice-20180921-slice-2_cell-20180921-sample-2_icephys,sub-mouse-XMZGY_ses-20180921-sample-2_slice-20180921-slice-2_cell-20180921-sample-2_icephys.nwb
20180921_sample_3,XMZGY-3,sub-mouse-XMZGY_ses-20180921-sample-3_slice-20180921-slice-3_cell-20180921-sample-3_icephys,sub-mouse-XMZGY_ses-20180921-sample-3_slice-20180921-slice-3_cell-20180921-sample-3_icephys.nwb
20180925_sample_9,DMTAH-9,sub-mouse-DMTAH_ses-20180925-sample-9_slice-20180925-slice-9_cell-20180925-sample-9_icephys,sub-mouse-DMTAH_ses-20180925-sample-9_slice-20180925-slice-9_cell-20180925-sample-9_icephys.nwb
20180926_sample_1,NPNLS-1,sub-mouse-NPNLS_ses-20180926-sample-1_slice-20180926-slice-1_cell-20180926-sample-1_icephys,sub-mouse-NPNLS_ses-20180926-sample-1_slice-20180926-slice-1_cell-20180926-sample-1_icephys.nwb
20180926_sample_3,NPNLS-3,sub-mouse-NPNLS_ses-20180926-sample-3_slice-20180926-slice-3_cell-20180926-sample-3_icephys,sub-mouse-NPNLS_ses-20180926-sample-3_slice-20180926-slice-3_cell-20180926-sample-3_icephys.nwb
20180926_sample_4,NPNLS-4,sub-mouse-NPNLS_ses-20180926-sample-4_slice-20180926-slice-4_cell-20180926-sample-4_icephys,sub-mouse-NPNLS_ses-20180926-sample-4_slice-20180926-slice-4_cell-20180926-sample-4_icephys.nwb
20180926_sample_7,NPNLS-7,sub-mouse-NPNLS_ses-20180926-sample-7_slice-20180926-slice-7_cell-20180926-sample-7_icephys,sub-mouse-NPNLS_ses-20180926-sample-7_slice-20180926-slice-7_cell-20180926-sample-7_icephys.nwb
20180926_sample_9,NPNLS-9,sub-mouse-NPNLS_ses-20180926-sample-9_slice-20180926-slice-9_cell-20180926-sample-9_icephys,sub-mouse-NPNLS_ses-20180926-sample-9_slice-20180926-slice-9_cell-20180926-sample-9_icephys.nwb
20180927_sample_1,WOBBW-1,sub-mouse-WOBBW_ses-20180927-sample-1_slice-20180927-slice-1_cell-20180927-sample-1_icephys,sub-mouse-WOBBW_ses-20180927-sample-1_slice-20180927-slice-1_cell-20180927-sample-1_icephys.nwb
20180927_sample_10,WOBBW-10,sub-mouse-WOBBW_ses-20180927-sample-10_slice-20180927-slice-10_cell-20180927-sample-10_icephys,sub-mouse-WOBBW_ses-20180927-sample-10_slice-20180927-slice-10_cell-20180927-sample-10_icephys.nwb
20180927_sample_2,WOBBW-2,sub-mouse-WOBBW_ses-20180927-sample-2_slice-20180927-slice-2_cell-20180927-sample-2_icephys,sub-mouse-WOBBW_ses-20180927-sample-2_slice-20180927-slice-2_cell-20180927-sample-2_icephys.nwb
20180927_sample_3,WOBBW-3,sub-mouse-WOBBW_ses-20180927-sample-3_slice-20180927-slice-3_cell-20180927-sample-3_icephys,sub-mouse-WOBBW_ses-20180927-sample-3_slice-20180927-slice-3_cell-20180927-sample-3_icephys.nwb
20180927_sample_4,WOBBW-4,sub-mouse-WOBBW_ses-20180927-sample-4_slice-20180927-slice-4_cell-20180927-sample-4_icephys,sub-mouse-WOBBW_ses-20180927-sample-4_slice-20180927-slice-4_cell-20180927-sample-4_icephys.nwb
20180927_sample_5,WOBBW-5,sub-mouse-WOBBW_ses-20180927-sample-5_slice-20180927-slice-5_cell-20180927-sample-5_icephys,sub-mouse-WOBBW_ses-20180927-sample-5_slice-20180927-slice-5_cell-20180927-sample-5_icephys.nwb
20180927_sample_7,WOBBW-7,sub-mouse-WOBBW_ses-20180927-sample-7_slice-20180927-slice-7_cell-20180927-sample-7_icephys,sub-mouse-WOBBW_ses-20180927-sample-7_slice-20180927-slice-7_cell-20180927-sample-7_icephys.nwb
20180927_sample_9,WOBBW-9,sub-mouse-WOBBW_ses-20180927-sample-9_slice-20180927-slice-9_cell-20180927-sample-9_icephys,sub-mouse-WOBBW_ses-20180927-sample-9_slice-20180927-slice-9_cell-20180927-sample-9_icephys.nwb
20181002_sample_1,VSYZV-1,sub-mouse-VSYZV_ses-20181002-sample-1_slice-20181002-slice-1_cell-20181002-sample-1_icephys,sub-mouse-VSYZV_ses-20181002-sample-1_slice-20181002-slice-1_cell-20181002-sample-1_icephys.nwb
20181002_sample_10,VSYZV-10,sub-mouse-VSYZV_ses-20181002-sample-10_slice-20181002-slice-10_cell-20181002-sample-10_icephys,sub-mouse-VSYZV_ses-20181002-sample-10_slice-20181002-slice-10_cell-20181002-sample-10_icephys.nwb
20181002_sample_2,VSYZV-2,sub-mouse-VSYZV_ses-20181002-sample-2_slice-20181002-slice-2_cell-20181002-sample-2_icephys,sub-mouse-VSYZV_ses-20181002-sample-2_slice-20181002-slice-2_cell-20181002-sample-2_icephys.nwb
20181002_sample_3,VSYZV-3,sub-mouse-VSYZV_ses-20181002-sample-3_slice-20181002-slice-3_cell-20181002-sample-3_icephys,sub-mouse-VSYZV_ses-20181002-sample-3_slice-20181002-slice-3_cell-20181002-sample-3_icephys.nwb
20181002_sample_4,VSYZV-4,sub-mouse-VSYZV_ses-20181002-sample-4_slice-20181002-slice-4_cell-20181002-sample-4_icephys,sub-mouse-VSYZV_ses-20181002-sample-4_slice-20181002-slice-4_cell-20181002-sample-4_icephys.nwb
20181002_sample_5,VSYZV-5,sub-mouse-VSYZV_ses-20181002-sample-5_slice-20181002-slice-5_cell-20181002-sample-5_icephys,sub-mouse-VSYZV_ses-20181002-sample-5_slice-20181002-slice-5_cell-20181002-sample-5_icephys.nwb
20181002_sample_6,VSYZV-6,sub-mouse-VSYZV_ses-20181002-sample-6_slice-20181002-slice-6_cell-20181002-sample-6_icephys,sub-mouse-VSYZV_ses-20181002-sample-6_slice-20181002-slice-6_cell-20181002-sample-6_icephys.nwb
20181002_sample_7,VSYZV-7,sub-mouse-VSYZV_ses-20181002-sample-7_slice-20181002-slice-7_cell-20181002-sample-7_icephys,sub-mouse-VSYZV_ses-20181002-sample-7_slice-20181002-slice-7_cell-20181002-sample-7_icephys.nwb
20181002_sample_8,VSYZV-8,sub-mouse-VSYZV_ses-20181002-sample-8_slice-20181002-slice-8_cell-20181002-sample-8_icephys,sub-mouse-VSYZV_ses-20181002-sample-8_slice-20181002-slice-8_cell-20181002-sample-8_icephys.nwb
20181002_sample_9,VSYZV-9,sub-mouse-VSYZV_ses-20181002-sample-9_slice-20181002-slice-9_cell-20181002-sample-9_icephys,sub-mouse-VSYZV_ses-20181002-sample-9_slice-20181002-slice-9_cell-20181002-sample-9_icephys.nwb
20181003_sample_1,ZZVQT-1,sub-mouse-ZZVQT_ses-20181003-sample-1_slice-20181003-slice-1_cell-20181003-sample-1_icephys,sub-mouse-ZZVQT_ses-20181003-sample-1_slice-20181003-slice-1_cell-20181003-sample-1_icephys.nwb
20181003_sample_10,ZZVQT-10,sub-mouse-ZZVQT_ses-20181003-sample-10_slice-20181003-slice-10_cell-20181003-sample-10_icephys,sub-mouse-ZZVQT_ses-20181003-sample-10_slice-20181003-slice-10_cell-20181003-sample-10_icephys.nwb
20181003_sample_2,ZZVQT-2,sub-mouse-ZZVQT_ses-20181003-sample-2_slice-20181003-slice-2_cell-20181003-sample-2_icephys,sub-mouse-ZZVQT_ses-20181003-sample-2_slice-20181003-slice-2_cell-20181003-sample-2_icephys.nwb
20181003_sample_3,ZZVQT-3,sub-mouse-ZZVQT_ses-20181003-sample-3_slice-20181003-slice-3_cell-20181003-sample-3_icephys,sub-mouse-ZZVQT_ses-20181003-sample-3_slice-20181003-slice-3_cell-20181003-sample-3_icephys.nwb
20181003_sample_4,ZZVQT-4,sub-mouse-ZZVQT_ses-20181003-sample-4_slice-20181003-slice-4_cell-20181003-sample-4_icephys,sub-mouse-ZZVQT_ses-20181003-sample-4_slice-20181003-slice-4_cell-20181003-sample-4_icephys.nwb
20181003_sample_5,ZZVQT-5,sub-mouse-ZZVQT_ses-20181003-sample-5_slice-20181003-slice-5_cell-20181003-sample-5_icephys,sub-mouse-ZZVQT_ses-20181003-sample-5_slice-20181003-slice-5_cell-20181003-sample-5_icephys.nwb
20181003_sample_6,ZZVQT-6,sub-mouse-ZZVQT_ses-20181003-sample-6_slice-20181003-slice-6_cell-20181003-sample-6_icephys,sub-mouse-ZZVQT_ses-20181003-sample-6_slice-20181003-slice-6_cell-20181003-sample-6_icephys.nwb
20181003_sample_7,ZZVQT-7,sub-mouse-ZZVQT_ses-20181003-sample-7_slice-20181003-slice-7_cell-20181003-sample-7_icephys,sub-mouse-ZZVQT_ses-20181003-sample-7_slice-20181003-slice-7_cell-20181003-sample-7_icephys.nwb
20181003_sample_8,ZZVQT-8,sub-mouse-ZZVQT_ses-20181003-sample-8_slice-20181003-slice-8_cell-20181003-sample-8_icephys,sub-mouse-ZZVQT_ses-20181003-sample-8_slice-20181003-slice-8_cell-20181003-sample-8_icephys.nwb
20181003_sample_9,ZZVQT-9,sub-mouse-ZZVQT_ses-20181003-sample-9_slice-20181003-slice-9_cell-20181003-sample-9_icephys,sub-mouse-ZZVQT_ses-20181003-sample-9_slice-20181003-slice-9_cell-20181003-sample-9_icephys.nwb
20181004_sample_1,JFOVK-1,sub-mouse-JFOVK_ses-20181004-sample-1_slice-20181004-slice-1_cell-20181004-sample-1_icephys,sub-mouse-JFOVK_ses-20181004-sample-1_slice-20181004-slice-1_cell-20181004-sample-1_icephys.nwb
20181004_sample_3,JFOVK-3,sub-mouse-JFOVK_ses-20181004-sample-3_slice-20181004-slice-3_cell-20181004-sample-3_icephys,sub-mouse-JFOVK_ses-20181004-sample-3_slice-20181004-slice-3_cell-20181004-sample-3_icephys.nwb
20181004_sample_5,JFOVK-5,sub-mouse-JFOVK_ses-20181004-sample-5_slice-20181004-slice-5_cell-20181004-sample-5_icephys,sub-mouse-JFOVK_ses-20181004-sample-5_slice-20181004-slice-5_cell-20181004-sample-5_icephys.nwb
20181004_sample_6,JFOVK-6,sub-mouse-JFOVK_ses-20181004-sample-6_slice-20181004-slice-6_cell-20181004-sample-6_icephys,sub-mouse-JFOVK_ses-20181004-sample-6_slice-20181004-slice-6_cell-20181004-sample-6_icephys.nwb
20181004_sample_8,JFOVK-8,sub-mouse-JFOVK_ses-20181004-sample-8_slice-20181004-slice-8_cell-20181004-sample-8_icephys,sub-mouse-JFOVK_ses-20181004-sample-8_slice-20181004-slice-8_cell-20181004-sample-8_icephys.nwb
20181009_sample_2,EAHUL-2,sub-mouse-EAHUL_ses-20181009-sample-2_slice-20181009-slice-2_cell-20181009-sample-2_icephys,sub-mouse-EAHUL_ses-20181009-sample-2_slice-20181009-slice-2_cell-20181009-sample-2_icephys.nwb
20181009_sample_3,EAHUL-3,sub-mouse-EAHUL_ses-20181009-sample-3_slice-20181009-slice-3_cell-20181009-sample-3_icephys,sub-mouse-EAHUL_ses-20181009-sample-3_slice-20181009-slice-3_cell-20181009-sample-3_icephys.nwb
20181009_sample_4,EAHUL-4,sub-mouse-EAHUL_ses-20181009-sample-4_slice-20181009-slice-4_cell-20181009-sample-4_icephys,sub-mouse-EAHUL_ses-20181009-sample-4_slice-20181009-slice-4_cell-20181009-sample-4_icephys.nwb
20181009_sample_5,EAHUL-5,sub-mouse-EAHUL_ses-20181009-sample-5_slice-20181009-slice-5_cell-20181009-sample-5_icephys,sub-mouse-EAHUL_ses-20181009-sample-5_slice-20181009-slice-5_cell-20181009-sample-5_icephys.nwb
20181009_sample_6,EAHUL-6,sub-mouse-EAHUL_ses-20181009-sample-6_slice-20181009-slice-6_cell-20181009-sample-6_icephys,sub-mouse-EAHUL_ses-20181009-sample-6_slice-20181009-slice-6_cell-20181009-sample-6_icephys.nwb
20181009_sample_7,EAHUL-7,sub-mouse-EAHUL_ses-20181009-sample-7_slice-20181009-slice-7_cell-20181009-sample-7_icephys,sub-mouse-EAHUL_ses-20181009-sample-7_slice-20181009-slice-7_cell-20181009-sample-7_icephys.nwb
20181010_sample_1,LEGDF-1,sub-mouse-LEGDF_ses-20181010-sample-1_slice-20181010-slice-1_cell-20181010-sample-1_icephys,sub-mouse-LEGDF_ses-20181010-sample-1_slice-20181010-slice-1_cell-20181010-sample-1_icephys.nwb
20181010_sample_10,LEGDF-10,sub-mouse-LEGDF_ses-20181010-sample-10_slice-20181010-slice-10_cell-20181010-sample-10_icephys,sub-mouse-LEGDF_ses-20181010-sample-10_slice-20181010-slice-10_cell-20181010-sample-10_icephys.nwb
20181010_sample_3,LEGDF-3,sub-mouse-LEGDF_ses-20181010-sample-3_slice-20181010-slice-3_cell-20181010-sample-3_icephys,sub-mouse-LEGDF_ses-20181010-sample-3_slice-20181010-slice-3_cell-20181010-sample-3_icephys.nwb
20181010_sample_4,LEGDF-4,sub-mouse-LEGDF_ses-20181010-sample-4_slice-20181010-slice-4_cell-20181010-sample-4_icephys,sub-mouse-LEGDF_ses-20181010-sample-4_slice-20181010-slice-4_cell-20181010-sample-4_icephys.nwb
20181010_sample_5,LEGDF-5,sub-mouse-LEGDF_ses-20181010-sample-5_slice-20181010-slice-5_cell-20181010-sample-5_icephys,sub-mouse-LEGDF_ses-20181010-sample-5_slice-20181010-slice-5_cell-20181010-sample-5_icephys.nwb
20181010_sample_6,LEGDF-6,sub-mouse-LEGDF_ses-20181010-sample-6_slice-20181010-slice-6_cell-20181010-sample-6_icephys,sub-mouse-LEGDF_ses-20181010-sample-6_slice-20181010-slice-6_cell-20181010-sample-6_icephys.nwb
20181010_sample_8,LEGDF-8,sub-mouse-LEGDF_ses-20181010-sample-8_slice-20181010-slice-8_cell-20181010-sample-8_icephys,sub-mouse-LEGDF_ses-20181010-sample-8_slice-20181010-slice-8_cell-20181010-sample-8_icephys.nwb
20181011_sample_10,HTPMR-10,sub-mouse-HTPMR_ses-20181011-sample-10_slice-20181011-slice-10_cell-20181011-sample-10_icephys,sub-mouse-HTPMR_ses-20181011-sample-10_slice-20181011-slice-10_cell-20181011-sample-10_icephys.nwb
20181011_sample_3,MTOCW-3,sub-mouse-MTOCW_ses-20181011-sample-3_slice-20181011-slice-3_cell-20181011-sample-3_icephys,sub-mouse-MTOCW_ses-20181011-sample-3_slice-20181011-slice-3_cell-20181011-sample-3_icephys.nwb
20181011_sample_4,HTPMR-4,sub-mouse-HTPMR_ses-20181011-sample-4_slice-20181011-slice-4_cell-20181011-sample-4_icephys,sub-mouse-HTPMR_ses-20181011-sample-4_slice-20181011-slice-4_cell-20181011-sample-4_icephys.nwb
20181011_sample_8,HTPMR-8,sub-mouse-HTPMR_ses-20181011-sample-8_slice-20181011-slice-8_cell-20181011-sample-8_icephys,sub-mouse-HTPMR_ses-20181011-sample-8_slice-20181011-slice-8_cell-20181011-sample-8_icephys.nwb
20181011_sample_9,HTPMR-9,sub-mouse-HTPMR_ses-20181011-sample-9_slice-20181011-slice-9_cell-20181011-sample-9_icephys,sub-mouse-HTPMR_ses-20181011-sample-9_slice-20181011-slice-9_cell-20181011-sample-9_icephys.nwb
20181109_sample_1,JSQXS-1,sub-mouse-JSQXS_ses-20181109-sample-1_slice-20181109-slice-1_cell-20181109-sample-1_icephys,sub-mouse-JSQXS_ses-20181109-sample-1_slice-20181109-slice-1_cell-20181109-sample-1_icephys.nwb
20181109_sample_10,JSQXS-10,sub-mouse-JSQXS_ses-20181109-sample-10_slice-20181109-slice-5_cell-20181109-sample-10_icephys,sub-mouse-JSQXS_ses-20181109-sample-10_slice-20181109-slice-5_cell-20181109-sample-10_icephys.nwb
20181109_sample_2,JSQXS-2,sub-mouse-JSQXS_ses-20181109-sample-2_slice-20181109-slice-1_cell-20181109-sample-2_icephys,sub-mouse-JSQXS_ses-20181109-sample-2_slice-20181109-slice-1_cell-20181109-sample-2_icephys.nwb
20181109_sample_3,JSQXS-3,sub-mouse-JSQXS_ses-20181109-sample-3_slice-20181109-slice-2_cell-20181109-sample-3_icephys,sub-mouse-JSQXS_ses-20181109-sample-3_slice-20181109-slice-2_cell-20181109-sample-3_icephys.nwb
20181109_sample_5,JSQXS-5,sub-mouse-JSQXS_ses-20181109-sample-5_slice-20181109-slice-2_cell-20181109-sample-5_icephys,sub-mouse-JSQXS_ses-20181109-sample-5_slice-20181109-slice-2_cell-20181109-sample-5_icephys.nwb
20181109_sample_7,JSQXS-7,sub-mouse-JSQXS_ses-20181109-sample-7_slice-20181109-slice-3_cell-20181109-sample-7_icephys,sub-mouse-JSQXS_ses-20181109-sample-7_slice-20181109-slice-3_cell-20181109-sample-7_icephys.nwb
20181109_sample_8,JSQXS-8,sub-mouse-JSQXS_ses-20181109-sample-8_slice-20181109-slice-4_cell-20181109-sample-8_icephys,sub-mouse-JSQXS_ses-20181109-sample-8_slice-20181109-slice-4_cell-20181109-sample-8_icephys.nwb
20181109_sample_9,JSQXS-9,sub-mouse-JSQXS_ses-20181109-sample-9_slice-20181109-slice-4_cell-20181109-sample-9_icephys,sub-mouse-JSQXS_ses-20181109-sample-9_slice-20181109-slice-4_cell-20181109-sample-9_icephys.nwb
20181112_sample_1,ZWZEZ-1,sub-mouse-ZWZEZ_ses-20181112-sample-1_slice-20181112-slice-1_cell-20181112-sample-1_icephys,sub-mouse-ZWZEZ_ses-20181112-sample-1_slice-20181112-slice-1_cell-20181112-sample-1_icephys.nwb
20181112_sample_11,ZWZEZ-11,sub-mouse-ZWZEZ_ses-20181112-sample-11_slice-20181112-slice-7_cell-20181112-sample-11_icephys,sub-mouse-ZWZEZ_ses-20181112-sample-11_slice-20181112-slice-7_cell-20181112-sample-11_icephys.nwb
20181112_sample_4,ZWZEZ-4,sub-mouse-ZWZEZ_ses-20181112-sample-4_slice-20181112-slice-2_cell-20181112-sample-4_icephys,sub-mouse-ZWZEZ_ses-20181112-sample-4_slice-20181112-slice-2_cell-20181112-sample-4_icephys.nwb
20181112_sample_5,ZWZEZ-5,sub-mouse-ZWZEZ_ses-20181112-sample-5_slice-20181112-slice-3_cell-20181112-sample-5_icephys,sub-mouse-ZWZEZ_ses-20181112-sample-5_slice-20181112-slice-3_cell-20181112-sample-5_icephys.nwb
20181112_sample_6,ZWZEZ-6,sub-mouse-ZWZEZ_ses-20181112-sample-6_slice-20181112-slice-3_cell-20181112-sample-6_icephys,sub-mouse-ZWZEZ_ses-20181112-sample-6_slice-20181112-slice-3_cell-20181112-sample-6_icephys.nwb
20181112_sample_8,ZWZEZ-8,sub-mouse-ZWZEZ_ses-20181112-sample-8_slice-20181112-slice-4_cell-20181112-sample-8_icephys,sub-mouse-ZWZEZ_ses-20181112-sample-8_slice-20181112-slice-4_cell-20181112-sample-8_icephys.nwb
20181114_sample_1,UWILU-1,sub-mouse-UWILU_ses-20181114-sample-1_slice-20181114-slice-1_cell-20181114-sample-1_icephys,sub-mouse-UWILU_ses-20181114-sample-1_slice-20181114-slice-1_cell-20181114-sample-1_icephys.nwb
20181114_sample_2,UWILU-2,sub-mouse-UWILU_ses-20181114-sample-2_slice-20181114-slice-1_cell-20181114-sample-2_icephys,sub-mouse-UWILU_ses-20181114-sample-2_slice-20181114-slice-1_cell-20181114-sample-2_icephys.nwb
20181114_sample_4,UWILU-4,sub-mouse-UWILU_ses-20181114-sample-4_slice-20181114-slice-3_cell-20181114-sample-4_icephys,sub-mouse-UWILU_ses-20181114-sample-4_slice-20181114-slice-3_cell-20181114-sample-4_icephys.nwb
20181116_sample_10,AZZAO-10,sub-mouse-AZZAO_ses-20181116-sample-10_slice-20181116-slice-6_cell-20181116-sample-10_icephys,sub-mouse-AZZAO_ses-20181116-sample-10_slice-20181116-slice-6_cell-20181116-sample-10_icephys.nwb
20181116_sample_12,AZZAO-12,sub-mouse-AZZAO_ses-20181116-sample-12_slice-20181116-slice-6_cell-20181116-sample-12_icephys,sub-mouse-AZZAO_ses-20181116-sample-12_slice-20181116-slice-6_cell-20181116-sample-12_icephys.nwb
20181116_sample_2,AZZAO-2,sub-mouse-AZZAO_ses-20181116-sample-2_slice-20181116-slice-2_cell-20181116-sample-2_icephys,sub-mouse-AZZAO_ses-20181116-sample-2_slice-20181116-slice-2_cell-20181116-sample-2_icephys.nwb
20181116_sample_3,AZZAO-3,sub-mouse-AZZAO_ses-20181116-sample-3_slice-20181116-slice-3_cell-20181116-sample-3_icephys,sub-mouse-AZZAO_ses-20181116-sample-3_slice-20181116-slice-3_cell-20181116-sample-3_icephys.nwb
20181116_sample_4,AZZAO-4,sub-mouse-AZZAO_ses-20181116-sample-4_slice-20181116-slice-2_cell-20181116-sample-4_icephys,sub-mouse-AZZAO_ses-20181116-sample-4_slice-20181116-slice-2_cell-20181116-sample-4_icephys.nwb
20181116_sample_5,AZZAO-5,sub-mouse-AZZAO_ses-20181116-sample-5_slice-20181116-slice-5_cell-20181116-sample-5_icephys,sub-mouse-AZZAO_ses-20181116-sample-5_slice-20181116-slice-5_cell-20181116-sample-5_icephys.nwb
20181116_sample_7,AZZAO-7,sub-mouse-AZZAO_ses-20181116-sample-7_slice-20181116-slice-7_cell-20181116-sample-7_icephys,sub-mouse-AZZAO_ses-20181116-sample-7_slice-20181116-slice-7_cell-20181116-sample-7_icephys.nwb
20181121_sample_1,BVPYH-1,sub-mouse-BVPYH_ses-20181121-sample-1_slice-20181121-slice-1_cell-20181121-sample-1_icephys,sub-mouse-BVPYH_ses-20181121-sample-1_slice-20181121-slice-1_cell-20181121-sample-1_icephys.nwb
20181121_sample_2,BVPYH-2,sub-mouse-BVPYH_ses-20181121-sample-2_slice-20181121-slice-1_cell-20181121-sample-2_icephys,sub-mouse-BVPYH_ses-20181121-sample-2_slice-20181121-slice-1_cell-20181121-sample-2_icephys.nwb
20181121_sample_3,BVPYH-3,sub-mouse-BVPYH_ses-20181121-sample-3_slice-20181121-slice-2_cell-20181121-sample-3_icephys,sub-mouse-BVPYH_ses-20181121-sample-3_slice-20181121-slice-2_cell-20181121-sample-3_icephys.nwb
20181121_sample_4,BVPYH-4,sub-mouse-BVPYH_ses-20181121-sample-4_slice-20181121-slice-2_cell-20181121-sample-4_icephys,sub-mouse-BVPYH_ses-20181121-sample-4_slice-20181121-slice-2_cell-20181121-sample-4_icephys.nwb
20181121_sample_5,BVPYH-5,sub-mouse-BVPYH_ses-20181121-sample-5_slice-20181121-slice-3_cell-20181121-sample-5_icephys,sub-mouse-BVPYH_ses-20181121-sample-5_slice-20181121-slice-3_cell-20181121-sample-5_icephys.nwb
20181121_sample_6,BVPYH-6,sub-mouse-BVPYH_ses-20181121-sample-6_slice-20181121-slice-3_cell-20181121-sample-6_icephys,sub-mouse-BVPYH_ses-20181121-sample-6_slice-20181121-slice-3_cell-20181121-sample-6_icephys.nwb
20181121_sample_7,BVPYH-7,sub-mouse-BVPYH_ses-20181121-sample-7_slice-20181121-slice-4_cell-20181121-sample-7_icephys,sub-mouse-BVPYH_ses-20181121-sample-7_slice-20181121-slice-4_cell-20181121-sample-7_icephys.nwb
20181126_sample_2,MUAPG-2,sub-mouse-MUAPG_ses-20181126-sample-2_slice-20181126-slice-1_cell-20181126-sample-2_icephys,sub-mouse-MUAPG_ses-20181126-sample-2_slice-20181126-slice-1_cell-20181126-sample-2_icephys.nwb
20181126_sample_6,MUAPG-6,sub-mouse-MUAPG_ses-20181126-sample-6_slice-20181126-slice-3_cell-20181126-sample-6_icephys,sub-mouse-MUAPG_ses-20181126-sample-6_slice-20181126-slice-3_cell-20181126-sample-6_icephys.nwb
20181127_sample_1,EVWCL-1,sub-mouse-EVWCL_ses-20181127-sample-1_slice-20181127-slice-1_cell-20181127-sample-1_icephys,sub-mouse-EVWCL_ses-20181127-sample-1_slice-20181127-slice-1_cell-20181127-sample-1_icephys.nwb
20181127_sample_3,EVWCL-3,sub-mouse-EVWCL_ses-20181127-sample-3_slice-20181127-slice-2_cell-20181127-sample-3_icephys,sub-mouse-EVWCL_ses-20181127-sample-3_slice-20181127-slice-2_cell-20181127-sample-3_icephys.nwb
20181127_sample_4,EVWCL-4,sub-mouse-EVWCL_ses-20181127-sample-4_slice-20181127-slice-2_cell-20181127-sample-4_icephys,sub-mouse-EVWCL_ses-20181127-sample-4_slice-20181127-slice-2_cell-20181127-sample-4_icephys.nwb
20181127_sample_5,EVWCL-5,sub-mouse-EVWCL_ses-20181127-sample-5_slice-20181127-slice-3_cell-20181127-sample-5_icephys,sub-mouse-EVWCL_ses-20181127-sample-5_slice-20181127-slice-3_cell-20181127-sample-5_icephys.nwb
20181127_sample_7,EVWCL-7,sub-mouse-EVWCL_ses-20181127-sample-7_slice-20181127-slice-4_cell-20181127-sample-7_icephys,sub-mouse-EVWCL_ses-20181127-sample-7_slice-20181127-slice-4_cell-20181127-sample-7_icephys.nwb
20181129_sample_1,ZPSEV-1,sub-mouse-ZPSEV_ses-20181129-sample-1_slice-20181129-slice-1_cell-20181129-sample-1_icephys,sub-mouse-ZPSEV_ses-20181129-sample-1_slice-20181129-slice-1_cell-20181129-sample-1_icephys.nwb
20181129_sample_2,ZPSEV-2,sub-mouse-ZPSEV_ses-20181129-sample-2_slice-20181129-slice-2_cell-20181129-sample-2_icephys,sub-mouse-ZPSEV_ses-20181129-sample-2_slice-20181129-slice-2_cell-20181129-sample-2_icephys.nwb
20181129_sample_3,ZPSEV-3,sub-mouse-ZPSEV_ses-20181129-sample-3_slice-20181129-slice-2_cell-20181129-sample-3_icephys,sub-mouse-ZPSEV_ses-20181129-sample-3_slice-20181129-slice-2_cell-20181129-sample-3_icephys.nwb
20181129_sample_4,ZPSEV-4,sub-mouse-ZPSEV_ses-20181129-sample-4_slice-20181129-slice-3_cell-20181129-sample-4_icephys,sub-mouse-ZPSEV_ses-20181129-sample-4_slice-20181129-slice-3_cell-20181129-sample-4_icephys.nwb
20181129_sample_5,ZPSEV-5,sub-mouse-ZPSEV_ses-20181129-sample-5_slice-20181129-slice-3_cell-20181129-sample-5_icephys,sub-mouse-ZPSEV_ses-20181129-sample-5_slice-20181129-slice-3_cell-20181129-sample-5_icephys.nwb
20181129_sample_6,ZPSEV-6,sub-mouse-ZPSEV_ses-20181129-sample-6_slice-20181129-slice-4_cell-20181129-sample-6_icephys,sub-mouse-ZPSEV_ses-20181129-sample-6_slice-20181129-slice-4_cell-20181129-sample-6_icephys.nwb
20181203_sample_10,YNEOQ-10,sub-mouse-YNEOQ_ses-20181203-sample-10_slice-20181203-slice-6_cell-20181203-sample-10_icephys,sub-mouse-YNEOQ_ses-20181203-sample-10_slice-20181203-slice-6_cell-20181203-sample-10_icephys.nwb
20181203_sample_2,YNEOQ-2,sub-mouse-YNEOQ_ses-20181203-sample-2_slice-20181203-slice-1_cell-20181203-sample-2_icephys,sub-mouse-YNEOQ_ses-20181203-sample-2_slice-20181203-slice-1_cell-20181203-sample-2_icephys.nwb
20181203_sample_3,YNEOQ-3,sub-mouse-YNEOQ_ses-20181203-sample-3_slice-20181203-slice-2_cell-20181203-sample-3_icephys,sub-mouse-YNEOQ_ses-20181203-sample-3_slice-20181203-slice-2_cell-20181203-sample-3_icephys.nwb
20181203_sample_4,YNEOQ-4,sub-mouse-YNEOQ_ses-20181203-sample-4_slice-20181203-slice-2_cell-20181203-sample-4_icephys,sub-mouse-YNEOQ_ses-20181203-sample-4_slice-20181203-slice-2_cell-20181203-sample-4_icephys.nwb
20181203_sample_5,YNEOQ-5,sub-mouse-YNEOQ_ses-20181203-sample-5_slice-20181203-slice-3_cell-20181203-sample-5_icephys,sub-mouse-YNEOQ_ses-20181203-sample-5_slice-20181203-slice-3_cell-20181203-sample-5_icephys.nwb
20181203_sample_6,YNEOQ-6,sub-mouse-YNEOQ_ses-20181203-sample-6_slice-20181203-slice-3_cell-20181203-sample-6_icephys,sub-mouse-YNEOQ_ses-20181203-sample-6_slice-20181203-slice-3_cell-20181203-sample-6_icephys.nwb
20181203_sample_7,YNEOQ-7,sub-mouse-YNEOQ_ses-20181203-sample-7_slice-20181203-slice-4_cell-20181203-sample-7_icephys,sub-mouse-YNEOQ_ses-20181203-sample-7_slice-20181203-slice-4_cell-20181203-sample-7_icephys.nwb
20181203_sample_8,YNEOQ-8,sub-mouse-YNEOQ_ses-20181203-sample-8_slice-20181203-slice-4_cell-20181203-sample-8_icephys,sub-mouse-YNEOQ_ses-20181203-sample-8_slice-20181203-slice-4_cell-20181203-sample-8_icephys.nwb
20181203_sample_9,YNEOQ-9,sub-mouse-YNEOQ_ses-20181203-sample-9_slice-20181203-slice-5_cell-20181203-sample-9_icephys,sub-mouse-YNEOQ_ses-20181203-sample-9_slice-20181203-slice-5_cell-20181203-sample-9_icephys.nwb
20181205_sample_1,NTELP-1,sub-mouse-NTELP_ses-20181205-sample-1_slice-20181205-slice-1_cell-20181205-sample-1_icephys,sub-mouse-NTELP_ses-20181205-sample-1_slice-20181205-slice-1_cell-20181205-sample-1_icephys.nwb
20181205_sample_2,NTELP-2,sub-mouse-NTELP_ses-20181205-sample-2_slice-20181205-slice-2_cell-20181205-sample-2_icephys,sub-mouse-NTELP_ses-20181205-sample-2_slice-20181205-slice-2_cell-20181205-sample-2_icephys.nwb
20181207_sample_1,ZZPUG-1,sub-mouse-ZZPUG_ses-20181207-sample-1_slice-20181207-slice-1_cell-20181207-sample-1_icephys,sub-mouse-ZZPUG_ses-20181207-sample-1_slice-20181207-slice-1_cell-20181207-sample-1_icephys.nwb
20181207_sample_2,ZZPUG-2,sub-mouse-ZZPUG_ses-20181207-sample-2_slice-20181207-slice-1_cell-20181207-sample-2_icephys,sub-mouse-ZZPUG_ses-20181207-sample-2_slice-20181207-slice-1_cell-20181207-sample-2_icephys.nwb
20181207_sample_3,ZZPUG-3,sub-mouse-ZZPUG_ses-20181207-sample-3_slice-20181207-slice-2_cell-20181207-sample-3_icephys,sub-mouse-ZZPUG_ses-20181207-sample-3_slice-20181207-slice-2_cell-20181207-sample-3_icephys.nwb
20181207_sample_4,ZZPUG-4,sub-mouse-ZZPUG_ses-20181207-sample-4_slice-20181207-slice-2_cell-20181207-sample-4_icephys,sub-mouse-ZZPUG_ses-20181207-sample-4_slice-20181207-slice-2_cell-20181207-sample-4_icephys.nwb
20181207_sample_5,ZZPUG-5,sub-mouse-ZZPUG_ses-20181207-sample-5_slice-20181207-slice-3_cell-20181207-sample-5_icephys,sub-mouse-ZZPUG_ses-20181207-sample-5_slice-20181207-slice-3_cell-20181207-sample-5_icephys.nwb
20181207_sample_6,ZZPUG-6,sub-mouse-ZZPUG_ses-20181207-sample-6_slice-20181207-slice-3_cell-20181207-sample-6_icephys,sub-mouse-ZZPUG_ses-20181207-sample-6_slice-20181207-slice-3_cell-20181207-sample-6_icephys.nwb
20181207_sample_7,ZZPUG-7,sub-mouse-ZZPUG_ses-20181207-sample-7_slice-20181207-slice-4_cell-20181207-sample-7_icephys,sub-mouse-ZZPUG_ses-20181207-sample-7_slice-20181207-slice-4_cell-20181207-sample-7_icephys.nwb
20181208_sample_1,DAEWZ-1,sub-mouse-DAEWZ_ses-20181208-sample-1_slice-20181208-slice-1_cell-20181208-sample-1_icephys,sub-mouse-DAEWZ_ses-20181208-sample-1_slice-20181208-slice-1_cell-20181208-sample-1_icephys.nwb
20181208_sample_10,DAEWZ-10,sub-mouse-DAEWZ_ses-20181208-sample-10_slice-20181208-slice-6_cell-20181208-sample-10_icephys,sub-mouse-DAEWZ_ses-20181208-sample-10_slice-20181208-slice-6_cell-20181208-sample-10_icephys.nwb
20181208_sample_2,DAEWZ-2,sub-mouse-DAEWZ_ses-20181208-sample-2_slice-20181208-slice-1_cell-20181208-sample-2_icephys,sub-mouse-DAEWZ_ses-20181208-sample-2_slice-20181208-slice-1_cell-20181208-sample-2_icephys.nwb
20181208_sample_3,DAEWZ-3,sub-mouse-DAEWZ_ses-20181208-sample-3_slice-20181208-slice-2_cell-20181208-sample-3_icephys,sub-mouse-DAEWZ_ses-20181208-sample-3_slice-20181208-slice-2_cell-20181208-sample-3_icephys.nwb
20181208_sample_4,DAEWZ-4,sub-mouse-DAEWZ_ses-20181208-sample-4_slice-20181208-slice-2_cell-20181208-sample-4_icephys,sub-mouse-DAEWZ_ses-20181208-sample-4_slice-20181208-slice-2_cell-20181208-sample-4_icephys.nwb
20181208_sample_5,DAEWZ-5,sub-mouse-DAEWZ_ses-20181208-sample-5_slice-20181208-slice-3_cell-20181208-sample-5_icephys,sub-mouse-DAEWZ_ses-20181208-sample-5_slice-20181208-slice-3_cell-20181208-sample-5_icephys.nwb
20181208_sample_6,DAEWZ-6,sub-mouse-DAEWZ_ses-20181208-sample-6_slice-20181208-slice-3_cell-20181208-sample-6_icephys,sub-mouse-DAEWZ_ses-20181208-sample-6_slice-20181208-slice-3_cell-20181208-sample-6_icephys.nwb
20181208_sample_7,DAEWZ-7,sub-mouse-DAEWZ_ses-20181208-sample-7_slice-20181208-slice-4_cell-20181208-sample-7_icephys,sub-mouse-DAEWZ_ses-20181208-sample-7_slice-20181208-slice-4_cell-20181208-sample-7_icephys.nwb
20181208_sample_8,DAEWZ-8,sub-mouse-DAEWZ_ses-20181208-sample-8_slice-20181208-slice-4_cell-20181208-sample-8_icephys,sub-mouse-DAEWZ_ses-20181208-sample-8_slice-20181208-slice-4_cell-20181208-sample-8_icephys.nwb
20181208_sample_9,DAEWZ-9,sub-mouse-DAEWZ_ses-20181208-sample-9_slice-20181208-slice-5_cell-20181208-sample-9_icephys,sub-mouse-DAEWZ_ses-20181208-sample-9_slice-20181208-slice-5_cell-20181208-sample-9_icephys.nwb
20181211_sample_1,JVEDB-1,sub-mouse-JVEDB_ses-20181211-sample-1_slice-20181211-slice-1_cell-20181211-sample-1_icephys,sub-mouse-JVEDB_ses-20181211-sample-1_slice-20181211-slice-1_cell-20181211-sample-1_icephys.nwb
20181211_sample_2,JVEDB-2,sub-mouse-JVEDB_ses-20181211-sample-2_slice-20181211-slice-1_cell-20181211-sample-2_icephys,sub-mouse-JVEDB_ses-20181211-sample-2_slice-20181211-slice-1_cell-20181211-sample-2_icephys.nwb
20181211_sample_4,JVEDB-4,sub-mouse-JVEDB_ses-20181211-sample-4_slice-20181211-slice-2_cell-20181211-sample-4_icephys,sub-mouse-JVEDB_ses-20181211-sample-4_slice-20181211-slice-2_cell-20181211-sample-4_icephys.nwb
20181211_sample_5,JVEDB-5,sub-mouse-JVEDB_ses-20181211-sample-5_slice-20181211-slice-3_cell-20181211-sample-5_icephys,sub-mouse-JVEDB_ses-20181211-sample-5_slice-20181211-slice-3_cell-20181211-sample-5_icephys.nwb
20181211_sample_6,JVEDB-6,sub-mouse-JVEDB_ses-20181211-sample-6_slice-20181211-slice-3_cell-20181211-sample-6_icephys,sub-mouse-JVEDB_ses-20181211-sample-6_slice-20181211-slice-3_cell-20181211-sample-6_icephys.nwb
20181211_sample_7,JVEDB-7,sub-mouse-JVEDB_ses-20181211-sample-7_slice-20181211-slice-4_cell-20181211-sample-7_icephys,sub-mouse-JVEDB_ses-20181211-sample-7_slice-20181211-slice-4_cell-20181211-sample-7_icephys.nwb
20181211_sample_8,JVEDB-8,sub-mouse-JVEDB_ses-20181211-sample-8_slice-20181211-slice-5_cell-20181211-sample-8_icephys,sub-mouse-JVEDB_ses-20181211-sample-8_slice-20181211-slice-5_cell-20181211-sample-8_icephys.nwb
20181211_sample_9,JVEDB-9,sub-mouse-JVEDB_ses-20181211-sample-9_slice-20181211-slice-5_cell-20181211-sample-9_icephys,sub-mouse-JVEDB_ses-20181211-sample-9_slice-20181211-slice-5_cell-20181211-sample-9_icephys.nwb
20181213_sample_1,TJZSZ-1,sub-mouse-TJZSZ_ses-20181213-sample-1_slice-20181213-slice-1_cell-20181213-sample-1_icephys,sub-mouse-TJZSZ_ses-20181213-sample-1_slice-20181213-slice-1_cell-20181213-sample-1_icephys.nwb
20181213_sample_2,TJZSZ-2,sub-mouse-TJZSZ_ses-20181213-sample-2_slice-20181213-slice-1_cell-20181213-sample-2_icephys,sub-mouse-TJZSZ_ses-20181213-sample-2_slice-20181213-slice-1_cell-20181213-sample-2_icephys.nwb
20181213_sample_3,TJZSZ-3,sub-mouse-TJZSZ_ses-20181213-sample-3_slice-20181213-slice-2_cell-20181213-sample-3_icephys,sub-mouse-TJZSZ_ses-20181213-sample-3_slice-20181213-slice-2_cell-20181213-sample-3_icephys.nwb
20181213_sample_4,TJZSZ-4,sub-mouse-TJZSZ_ses-20181213-sample-4_slice-20181213-slice-2_cell-20181213-sample-4_icephys,sub-mouse-TJZSZ_ses-20181213-sample-4_slice-20181213-slice-2_cell-20181213-sample-4_icephys.nwb
20181213_sample_5,TJZSZ-5,sub-mouse-TJZSZ_ses-20181213-sample-5_slice-20181213-slice-3_cell-20181213-sample-5_icephys,sub-mouse-TJZSZ_ses-20181213-sample-5_slice-20181213-slice-3_cell-20181213-sample-5_icephys.nwb
20181213_sample_6,TJZSZ-6,sub-mouse-TJZSZ_ses-20181213-sample-6_slice-20181213-slice-3_cell-20181213-sample-6_icephys,sub-mouse-TJZSZ_ses-20181213-sample-6_slice-20181213-slice-3_cell-20181213-sample-6_icephys.nwb
20181213_sample_7,TJZSZ-7,sub-mouse-TJZSZ_ses-20181213-sample-7_slice-20181213-slice-4_cell-20181213-sample-7_icephys,sub-mouse-TJZSZ_ses-20181213-sample-7_slice-20181213-slice-4_cell-20181213-sample-7_icephys.nwb
20181214_sample_1,AXEMD-1,sub-mouse-AXEMD_ses-20181214-sample-1_slice-20181214-slice-1_cell-20181214-sample-1_icephys,sub-mouse-AXEMD_ses-20181214-sample-1_slice-20181214-slice-1_cell-20181214-sample-1_icephys.nwb
20181214_sample_2,AXEMD-2,sub-mouse-AXEMD_ses-20181214-sample-2_slice-20181214-slice-1_cell-20181214-sample-2_icephys,sub-mouse-AXEMD_ses-20181214-sample-2_slice-20181214-slice-1_cell-20181214-sample-2_icephys.nwb
20190108_sample_1,PXPWB-1,sub-mouse-PXPWB_ses-20190108-sample-1_slice-20190108-slice-1_cell-20190108-sample-1_icephys,sub-mouse-PXPWB_ses-20190108-sample-1_slice-20190108-slice-1_cell-20190108-sample-1_icephys.nwb
20190108_sample_2,PXPWB-2,sub-mouse-PXPWB_ses-20190108-sample-2_slice-20190108-slice-2_cell-20190108-sample-2_icephys,sub-mouse-PXPWB_ses-20190108-sample-2_slice-20190108-slice-2_cell-20190108-sample-2_icephys.nwb
20190108_sample_3,PXPWB-3,sub-mouse-PXPWB_ses-20190108-sample-3_slice-20190108-slice-3_cell-20190108-sample-3_icephys,sub-mouse-PXPWB_ses-20190108-sample-3_slice-20190108-slice-3_cell-20190108-sample-3_icephys.nwb
20190108_sample_5,PXPWB-5,sub-mouse-PXPWB_ses-20190108-sample-5_slice-20190108-slice-5_cell-20190108-sample-5_icephys,sub-mouse-PXPWB_ses-20190108-sample-5_slice-20190108-slice-5_cell-20190108-sample-5_icephys.nwb
20190108_sample_6,PXPWB-6,sub-mouse-PXPWB_ses-20190108-sample-6_slice-20190108-slice-6_cell-20190108-sample-6_icephys,sub-mouse-PXPWB_ses-20190108-sample-6_slice-20190108-slice-6_cell-20190108-sample-6_icephys.nwb
20190109_sample_2,QTXLR-2,sub-mouse-QTXLR_ses-20190109-sample-2_slice-20190109-slice-2_cell-20190109-sample-2_icephys,sub-mouse-QTXLR_ses-20190109-sample-2_slice-20190109-slice-2_cell-20190109-sample-2_icephys.nwb
20190110_sample_1,CAASK-1,sub-mouse-CAASK_ses-20190110-sample-1_slice-20190110-slice-1_cell-20190110-sample-1_icephys,sub-mouse-CAASK_ses-20190110-sample-1_slice-20190110-slice-1_cell-20190110-sample-1_icephys.nwb
20190110_sample_3,CAASK-3,sub-mouse-CAASK_ses-20190110-sample-3_slice-20190110-slice-2_cell-20190110-sample-3_icephys,sub-mouse-CAASK_ses-20190110-sample-3_slice-20190110-slice-2_cell-20190110-sample-3_icephys.nwb
20190110_sample_4,CAASK-4,sub-mouse-CAASK_ses-20190110-sample-4_slice-20190110-slice-3_cell-20190110-sample-4_icephys,sub-mouse-CAASK_ses-20190110-sample-4_slice-20190110-slice-3_cell-20190110-sample-4_icephys.nwb
20190110_sample_6,CAASK-6,sub-mouse-CAASK_ses-20190110-sample-6_slice-20190110-slice-5_cell-20190110-sample-6_icephys,sub-mouse-CAASK_ses-20190110-sample-6_slice-20190110-slice-5_cell-20190110-sample-6_icephys.nwb
20190110_sample_7,CAASK-7,sub-mouse-CAASK_ses-20190110-sample-7_slice-20190110-slice-6_cell-20190110-sample-7_icephys,sub-mouse-CAASK_ses-20190110-sample-7_slice-20190110-slice-6_cell-20190110-sample-7_icephys.nwb
20190117_sample_1,ELCAA-1,sub-mouse-ELCAA_ses-20190117-sample-1_slice-20190117-slice-1_cell-20190117-sample-1_icephys,sub-mouse-ELCAA_ses-20190117-sample-1_slice-20190117-slice-1_cell-20190117-sample-1_icephys.nwb
20190117_sample_2,ELCAA-2,sub-mouse-ELCAA_ses-20190117-sample-2_slice-20190117-slice-2_cell-20190117-sample-2_icephys,sub-mouse-ELCAA_ses-20190117-sample-2_slice-20190117-slice-2_cell-20190117-sample-2_icephys.nwb
20190117_sample_3,ELCAA-3,sub-mouse-ELCAA_ses-20190117-sample-3_slice-20190117-slice-3_cell-20190117-sample-3_icephys,sub-mouse-ELCAA_ses-20190117-sample-3_slice-20190117-slice-3_cell-20190117-sample-3_icephys.nwb
20190117_sample_4,ELCAA-4,sub-mouse-ELCAA_ses-20190117-sample-4_slice-20190117-slice-4_cell-20190117-sample-4_icephys,sub-mouse-ELCAA_ses-20190117-sample-4_slice-20190117-slice-4_cell-20190117-sample-4_icephys.nwb
20190117_sample_5,ELCAA-5,sub-mouse-ELCAA_ses-20190117-sample-5_slice-20190117-slice-5_cell-20190117-sample-5_icephys,sub-mouse-ELCAA_ses-20190117-sample-5_slice-20190117-slice-5_cell-20190117-sample-5_icephys.nwb
20190122_sample_1,HJKLM-1,sub-mouse-HJKLM_ses-20190122-sample-1_slice-20190122-slice-1_cell-20190122-sample-1_icephys,sub-mouse-HJKLM_ses-20190122-sample-1_slice-20190122-slice-1_cell-20190122-sample-1_icephys.nwb
20190122_sample_10,LNBSR-10,sub-mouse-LNBSR_ses-20190122-sample-10_slice-20190122-slice-10_cell-20190122-sample-10_icephys,sub-mouse-LNBSR_ses-20190122-sample-10_slice-20190122-slice-10_cell-20190122-sample-10_icephys.nwb
20190122_sample_11,LNBSR-11,sub-mouse-LNBSR_ses-20190122-sample-11_slice-20190122-slice-11_cell-20190122-sample-11_icephys,sub-mouse-LNBSR_ses-20190122-sample-11_slice-20190122-slice-11_cell-20190122-sample-11_icephys.nwb
20190122_sample_12,LNBSR-12,sub-mouse-LNBSR_ses-20190122-sample-12_slice-20190122-slice-12_cell-20190122-sample-12_icephys,sub-mouse-LNBSR_ses-20190122-sample-12_slice-20190122-slice-12_cell-20190122-sample-12_icephys.nwb
20190122_sample_13,LNBSR-13,sub-mouse-LNBSR_ses-20190122-sample-13_slice-20190122-slice-13_cell-20190122-sample-13_icephys,sub-mouse-LNBSR_ses-20190122-sample-13_slice-20190122-slice-13_cell-20190122-sample-13_icephys.nwb
20190122_sample_14,LNBSR-14,sub-mouse-LNBSR_ses-20190122-sample-14_slice-20190122-slice-14_cell-20190122-sample-14_icephys,sub-mouse-LNBSR_ses-20190122-sample-14_slice-20190122-slice-14_cell-20190122-sample-14_icephys.nwb
20190122_sample_16,LNBSR-16,sub-mouse-LNBSR_ses-20190122-sample-16_slice-20190122-slice-16_cell-20190122-sample-16_icephys,sub-mouse-LNBSR_ses-20190122-sample-16_slice-20190122-slice-16_cell-20190122-sample-16_icephys.nwb
20190122_sample_17,LNBSR-17,sub-mouse-LNBSR_ses-20190122-sample-17_slice-20190122-slice-17_cell-20190122-sample-17_icephys,sub-mouse-LNBSR_ses-20190122-sample-17_slice-20190122-slice-17_cell-20190122-sample-17_icephys.nwb
20190122_sample_2,HJKLM-2,sub-mouse-HJKLM_ses-20190122-sample-2_slice-20190122-slice-2_cell-20190122-sample-2_icephys,sub-mouse-HJKLM_ses-20190122-sample-2_slice-20190122-slice-2_cell-20190122-sample-2_icephys.nwb
20190122_sample_3,HJKLM-3,sub-mouse-HJKLM_ses-20190122-sample-3_slice-20190122-slice-3_cell-20190122-sample-3_icephys,sub-mouse-HJKLM_ses-20190122-sample-3_slice-20190122-slice-3_cell-20190122-sample-3_icephys.nwb
20190122_sample_5,HJKLM-5,sub-mouse-HJKLM_ses-20190122-sample-5_slice-20190122-slice-5_cell-20190122-sample-5_icephys,sub-mouse-HJKLM_ses-20190122-sample-5_slice-20190122-slice-5_cell-20190122-sample-5_icephys.nwb
20190122_sample_6,HJKLM-6,sub-mouse-HJKLM_ses-20190122-sample-6_slice-20190122-slice-6_cell-20190122-sample-6_icephys,sub-mouse-HJKLM_ses-20190122-sample-6_slice-20190122-slice-6_cell-20190122-sample-6_icephys.nwb
20190122_sample_9,LNBSR-9,sub-mouse-LNBSR_ses-20190122-sample-9_slice-20190122-slice-9_cell-20190122-sample-9_icephys,sub-mouse-LNBSR_ses-20190122-sample-9_slice-20190122-slice-9_cell-20190122-sample-9_icephys.nwb
20190123_sample_5,CWQZH-5,sub-mouse-CWQZH_ses-20190123-sample-5_slice-20190123-slice-3_cell-20190123-sample-5_icephys,sub-mouse-CWQZH_ses-20190123-sample-5_slice-20190123-slice-3_cell-20190123-sample-5_icephys.nwb
20190123_sample_7,CWQZH-7,sub-mouse-CWQZH_ses-20190123-sample-7_slice-20190123-slice-4_cell-20190123-sample-7_icephys,sub-mouse-CWQZH_ses-20190123-sample-7_slice-20190123-slice-4_cell-20190123-sample-7_icephys.nwb
20190123_sample_8,CWQZH-8,sub-mouse-CWQZH_ses-20190123-sample-8_slice-20190123-slice-4_cell-20190123-sample-8_icephys,sub-mouse-CWQZH_ses-20190123-sample-8_slice-20190123-slice-4_cell-20190123-sample-8_icephys.nwb
20190124_sample_4,ZJZBS-4,sub-mouse-ZJZBS_ses-20190124-sample-4_slice-20190124-slice-3_cell-20190124-sample-4_icephys,sub-mouse-ZJZBS_ses-20190124-sample-4_slice-20190124-slice-3_cell-20190124-sample-4_icephys.nwb
20190128_sample_11,IGDZU-11,sub-mouse-IGDZU_ses-20190128-sample-11_slice-20190128-slice-11_cell-20190128-sample-11_icephys,sub-mouse-IGDZU_ses-20190128-sample-11_slice-20190128-slice-11_cell-20190128-sample-11_icephys.nwb
20190128_sample_12,IGDZU-12,sub-mouse-IGDZU_ses-20190128-sample-12_slice-20190128-slice-12_cell-20190128-sample-12_icephys,sub-mouse-IGDZU_ses-20190128-sample-12_slice-20190128-slice-12_cell-20190128-sample-12_icephys.nwb
20190128_sample_2,IGDZU-2,sub-mouse-IGDZU_ses-20190128-sample-2_slice-20190128-slice-1_cell-20190128-sample-2_icephys,sub-mouse-IGDZU_ses-20190128-sample-2_slice-20190128-slice-1_cell-20190128-sample-2_icephys.nwb
20190128_sample_3,IGDZU-3,sub-mouse-IGDZU_ses-20190128-sample-3_slice-20190128-slice-2_cell-20190128-sample-3_icephys,sub-mouse-IGDZU_ses-20190128-sample-3_slice-20190128-slice-2_cell-20190128-sample-3_icephys.nwb
20190128_sample_4,IGDZU-4,sub-mouse-IGDZU_ses-20190128-sample-4_slice-20190128-slice-2_cell-20190128-sample-4_icephys,sub-mouse-IGDZU_ses-20190128-sample-4_slice-20190128-slice-2_cell-20190128-sample-4_icephys.nwb
20190128_sample_6,IGDZU-6,sub-mouse-IGDZU_ses-20190128-sample-6_slice-20190128-slice-3_cell-20190128-sample-6_icephys,sub-mouse-IGDZU_ses-20190128-sample-6_slice-20190128-slice-3_cell-20190128-sample-6_icephys.nwb
20190128_sample_7,IGDZU-7,sub-mouse-IGDZU_ses-20190128-sample-7_slice-20190128-slice-4_cell-20190128-sample-7_icephys,sub-mouse-IGDZU_ses-20190128-sample-7_slice-20190128-slice-4_cell-20190128-sample-7_icephys.nwb
20190130_sample_10,YUYDJ-10,sub-mouse-YUYDJ_ses-20190130-sample-10_slice-20190130-slice-13_cell-20190130-sample-10_icephys,sub-mouse-YUYDJ_ses-20190130-sample-10_slice-20190130-slice-13_cell-20190130-sample-10_icephys.nwb
20190130_sample_15,RMKXD-15,sub-mouse-RMKXD_ses-20190130-sample-15_slice-20190130-slice-6_cell-20190130-sample-15_icephys,sub-mouse-RMKXD_ses-20190130-sample-15_slice-20190130-slice-6_cell-20190130-sample-15_icephys.nwb
20190130_sample_17,YUYDJ-17,sub-mouse-YUYDJ_ses-20190130-sample-17_slice-20190130-slice-10_cell-20190130-sample-17_icephys,sub-mouse-YUYDJ_ses-20190130-sample-17_slice-20190130-slice-10_cell-20190130-sample-17_icephys.nwb
20190130_sample_18,YUYDJ-18,sub-mouse-YUYDJ_ses-20190130-sample-18_slice-20190130-slice-12_cell-20190130-sample-18_icephys,sub-mouse-YUYDJ_ses-20190130-sample-18_slice-20190130-slice-12_cell-20190130-sample-18_icephys.nwb
20190130_sample_2,RMKXD-2,sub-mouse-RMKXD_ses-20190130-sample-2_slice-20190130-slice-1_cell-20190130-sample-2_icephys,sub-mouse-RMKXD_ses-20190130-sample-2_slice-20190130-slice-1_cell-20190130-sample-2_icephys.nwb
20190130_sample_3,RMKXD-3,sub-mouse-RMKXD_ses-20190130-sample-3_slice-20190130-slice-3_cell-20190130-sample-3_icephys,sub-mouse-RMKXD_ses-20190130-sample-3_slice-20190130-slice-3_cell-20190130-sample-3_icephys.nwb
20190130_sample_6,RMKXD-6,sub-mouse-RMKXD_ses-20190130-sample-6_slice-20190130-slice-5_cell-20190130-sample-6_icephys,sub-mouse-RMKXD_ses-20190130-sample-6_slice-20190130-slice-5_cell-20190130-sample-6_icephys.nwb
20190130_sample_8,YUYDJ-8,sub-mouse-YUYDJ_ses-20190130-sample-8_slice-20190130-slice-9_cell-20190130-sample-8_icephys,sub-mouse-YUYDJ_ses-20190130-sample-8_slice-20190130-slice-9_cell-20190130-sample-8_icephys.nwb
20190130_sample_9,YUYDJ-9,sub-mouse-YUYDJ_ses-20190130-sample-9_slice-20190130-slice-11_cell-20190130-sample-9_icephys,sub-mouse-YUYDJ_ses-20190130-sample-9_slice-20190130-slice-11_cell-20190130-sample-9_icephys.nwb
20190131_sample_1,EIXCQ-1,sub-mouse-EIXCQ_ses-20190131-sample-1_slice-20190131-slice-1_cell-20190131-sample-1_icephys,sub-mouse-EIXCQ_ses-20190131-sample-1_slice-20190131-slice-1_cell-20190131-sample-1_icephys.nwb
20190131_sample_10,EIXCQ-10,sub-mouse-EIXCQ_ses-20190131-sample-10_slice-20190131-slice-8_cell-20190131-sample-10_icephys,sub-mouse-EIXCQ_ses-20190131-sample-10_slice-20190131-slice-8_cell-20190131-sample-10_icephys.nwb
20190131_sample_3,EIXCQ-3,sub-mouse-EIXCQ_ses-20190131-sample-3_slice-20190131-slice-5_cell-20190131-sample-3_icephys,sub-mouse-EIXCQ_ses-20190131-sample-3_slice-20190131-slice-5_cell-20190131-sample-3_icephys.nwb
20190131_sample_4,EIXCQ-4,sub-mouse-EIXCQ_ses-20190131-sample-4_slice-20190131-slice-7_cell-20190131-sample-4_icephys,sub-mouse-EIXCQ_ses-20190131-sample-4_slice-20190131-slice-7_cell-20190131-sample-4_icephys.nwb
20190131_sample_5,EIXCQ-5,sub-mouse-EIXCQ_ses-20190131-sample-5_slice-20190131-slice-7_cell-20190131-sample-5_icephys,sub-mouse-EIXCQ_ses-20190131-sample-5_slice-20190131-slice-7_cell-20190131-sample-5_icephys.nwb
20190131_sample_6,EIXCQ-6,sub-mouse-EIXCQ_ses-20190131-sample-6_slice-20190131-slice-2_cell-20190131-sample-6_icephys,sub-mouse-EIXCQ_ses-20190131-sample-6_slice-20190131-slice-2_cell-20190131-sample-6_icephys.nwb
20190201_sample_10,CPDRQ-10,sub-mouse-CPDRQ_ses-20190201-sample-10_slice-20190201-slice-6_cell-20190201-sample-10_icephys,sub-mouse-CPDRQ_ses-20190201-sample-10_slice-20190201-slice-6_cell-20190201-sample-10_icephys.nwb
20190201_sample_2,CPDRQ-2,sub-mouse-CPDRQ_ses-20190201-sample-2_slice-20190201-slice-1_cell-20190201-sample-2_icephys,sub-mouse-CPDRQ_ses-20190201-sample-2_slice-20190201-slice-1_cell-20190201-sample-2_icephys.nwb
20190201_sample_3,CPDRQ-3,sub-mouse-CPDRQ_ses-20190201-sample-3_slice-20190201-slice-3_cell-20190201-sample-3_icephys,sub-mouse-CPDRQ_ses-20190201-sample-3_slice-20190201-slice-3_cell-20190201-sample-3_icephys.nwb
20190201_sample_4,CPDRQ-4,sub-mouse-CPDRQ_ses-20190201-sample-4_slice-20190201-slice-3_cell-20190201-sample-4_icephys,sub-mouse-CPDRQ_ses-20190201-sample-4_slice-20190201-slice-3_cell-20190201-sample-4_icephys.nwb
20190201_sample_7,CPDRQ-7,sub-mouse-CPDRQ_ses-20190201-sample-7_slice-20190201-slice-2_cell-20190201-sample-7_icephys,sub-mouse-CPDRQ_ses-20190201-sample-7_slice-20190201-slice-2_cell-20190201-sample-7_icephys.nwb
20190201_sample_8,CPDRQ-8,sub-mouse-CPDRQ_ses-20190201-sample-8_slice-20190201-slice-4_cell-20190201-sample-8_icephys,sub-mouse-CPDRQ_ses-20190201-sample-8_slice-20190201-slice-4_cell-20190201-sample-8_icephys.nwb
20190204_sample_1,GXWEL-1,sub-mouse-GXWEL_ses-20190204-sample-1_slice-20190204-slice-1_cell-20190204-sample-1_icephys,sub-mouse-GXWEL_ses-20190204-sample-1_slice-20190204-slice-1_cell-20190204-sample-1_icephys.nwb
20190204_sample_10,QWMWY-10,sub-mouse-QWMWY_ses-20190204-sample-10_slice-20190204-slice-5_cell-20190204-sample-10_icephys,sub-mouse-QWMWY_ses-20190204-sample-10_slice-20190204-slice-5_cell-20190204-sample-10_icephys.nwb
20190204_sample_11,GXWEL-11,sub-mouse-GXWEL_ses-20190204-sample-11_slice-20190204-slice-11_cell-20190204-sample-11_icephys,sub-mouse-GXWEL_ses-20190204-sample-11_slice-20190204-slice-11_cell-20190204-sample-11_icephys.nwb
20190204_sample_14,GXWEL-14,sub-mouse-GXWEL_ses-20190204-sample-14_slice-20190204-slice-12_cell-20190204-sample-14_icephys,sub-mouse-GXWEL_ses-20190204-sample-14_slice-20190204-slice-12_cell-20190204-sample-14_icephys.nwb
20190204_sample_15,GXWEL-15,sub-mouse-GXWEL_ses-20190204-sample-15_slice-20190204-slice-12_cell-20190204-sample-15_icephys,sub-mouse-GXWEL_ses-20190204-sample-15_slice-20190204-slice-12_cell-20190204-sample-15_icephys.nwb
20190204_sample_16,GXWEL-16,sub-mouse-GXWEL_ses-20190204-sample-16_slice-20190204-slice-13_cell-20190204-sample-16_icephys,sub-mouse-GXWEL_ses-20190204-sample-16_slice-20190204-slice-13_cell-20190204-sample-16_icephys.nwb
20190204_sample_17,GXWEL-17,sub-mouse-GXWEL_ses-20190204-sample-17_slice-20190204-slice-13_cell-20190204-sample-17_icephys,sub-mouse-GXWEL_ses-20190204-sample-17_slice-20190204-slice-13_cell-20190204-sample-17_icephys.nwb
20190204_sample_18,GXWEL-18,sub-mouse-GXWEL_ses-20190204-sample-18_slice-20190204-slice-14_cell-20190204-sample-18_icephys,sub-mouse-GXWEL_ses-20190204-sample-18_slice-20190204-slice-14_cell-20190204-sample-18_icephys.nwb
20190204_sample_19,GXWEL-19,sub-mouse-GXWEL_ses-20190204-sample-19_slice-20190204-slice-14_cell-20190204-sample-19_icephys,sub-mouse-GXWEL_ses-20190204-sample-19_slice-20190204-slice-14_cell-20190204-sample-19_icephys.nwb
20190204_sample_2,GXWEL-2,sub-mouse-GXWEL_ses-20190204-sample-2_slice-20190204-slice-1_cell-20190204-sample-2_icephys,sub-mouse-GXWEL_ses-20190204-sample-2_slice-20190204-slice-1_cell-20190204-sample-2_icephys.nwb
20190204_sample_20,QWMWY-20,sub-mouse-QWMWY_ses-20190204-sample-20_slice-20190204-slice-15_cell-20190204-sample-20_icephys,sub-mouse-QWMWY_ses-20190204-sample-20_slice-20190204-slice-15_cell-20190204-sample-20_icephys.nwb
20190204_sample_21,QWMWY-21,sub-mouse-QWMWY_ses-20190204-sample-21_slice-20190204-slice-6_cell-20190204-sample-21_icephys,sub-mouse-QWMWY_ses-20190204-sample-21_slice-20190204-slice-6_cell-20190204-sample-21_icephys.nwb
20190204_sample_22,QWMWY-22,sub-mouse-QWMWY_ses-20190204-sample-22_slice-20190204-slice-7_cell-20190204-sample-22_icephys,sub-mouse-QWMWY_ses-20190204-sample-22_slice-20190204-slice-7_cell-20190204-sample-22_icephys.nwb
20190204_sample_24,QWMWY-24,sub-mouse-QWMWY_ses-20190204-sample-24_slice-20190204-slice-8_cell-20190204-sample-24_icephys,sub-mouse-QWMWY_ses-20190204-sample-24_slice-20190204-slice-8_cell-20190204-sample-24_icephys.nwb
20190204_sample_4,GXWEL-4,sub-mouse-GXWEL_ses-20190204-sample-4_slice-20190204-slice-2_cell-20190204-sample-4_icephys,sub-mouse-GXWEL_ses-20190204-sample-4_slice-20190204-slice-2_cell-20190204-sample-4_icephys.nwb
20190204_sample_5,GXWEL-5,sub-mouse-GXWEL_ses-20190204-sample-5_slice-20190204-slice-3_cell-20190204-sample-5_icephys,sub-mouse-GXWEL_ses-20190204-sample-5_slice-20190204-slice-3_cell-20190204-sample-5_icephys.nwb
20190204_sample_6,GXWEL-6,sub-mouse-GXWEL_ses-20190204-sample-6_slice-20190204-slice-3_cell-20190204-sample-6_icephys,sub-mouse-GXWEL_ses-20190204-sample-6_slice-20190204-slice-3_cell-20190204-sample-6_icephys.nwb
20190204_sample_7,QWMWY-7,sub-mouse-QWMWY_ses-20190204-sample-7_slice-20190204-slice-4_cell-20190204-sample-7_icephys,sub-mouse-QWMWY_ses-20190204-sample-7_slice-20190204-slice-4_cell-20190204-sample-7_icephys.nwb
20190204_sample_8,QWMWY-8,sub-mouse-QWMWY_ses-20190204-sample-8_slice-20190204-slice-4_cell-20190204-sample-8_icephys,sub-mouse-QWMWY_ses-20190204-sample-8_slice-20190204-slice-4_cell-20190204-sample-8_icephys.nwb
20190204_sample_9,QWMWY-9,sub-mouse-QWMWY_ses-20190204-sample-9_slice-20190204-slice-5_cell-20190204-sample-9_icephys,sub-mouse-QWMWY_ses-20190204-sample-9_slice-20190204-slice-5_cell-20190204-sample-9_icephys.nwb
20190205_sample_1,CIQQT-1,sub-mouse-CIQQT_ses-20190205-sample-1_slice-20190205-slice-1_cell-20190205-sample-1_icephys,sub-mouse-CIQQT_ses-20190205-sample-1_slice-20190205-slice-1_cell-20190205-sample-1_icephys.nwb
20190205_sample_2,CIQQT-2,sub-mouse-CIQQT_ses-20190205-sample-2_slice-20190205-slice-1_cell-20190205-sample-2_icephys,sub-mouse-CIQQT_ses-20190205-sample-2_slice-20190205-slice-1_cell-20190205-sample-2_icephys.nwb
20190205_sample_3,CIQQT-3,sub-mouse-CIQQT_ses-20190205-sample-3_slice-20190205-slice-2_cell-20190205-sample-3_icephys,sub-mouse-CIQQT_ses-20190205-sample-3_slice-20190205-slice-2_cell-20190205-sample-3_icephys.nwb
20190205_sample_4,CIQQT-4,sub-mouse-CIQQT_ses-20190205-sample-4_slice-20190205-slice-2_cell-20190205-sample-4_icephys,sub-mouse-CIQQT_ses-20190205-sample-4_slice-20190205-slice-2_cell-20190205-sample-4_icephys.nwb
20190205_sample_5,CIQQT-5,sub-mouse-CIQQT_ses-20190205-sample-5_slice-20190205-slice-3_cell-20190205-sample-5_icephys,sub-mouse-CIQQT_ses-20190205-sample-5_slice-20190205-slice-3_cell-20190205-sample-5_icephys.nwb
20190205_sample_6,CIQQT-6,sub-mouse-CIQQT_ses-20190205-sample-6_slice-20190205-slice-3_cell-20190205-sample-6_icephys,sub-mouse-CIQQT_ses-20190205-sample-6_slice-20190205-slice-3_cell-20190205-sample-6_icephys.nwb
20190205_sample_7,CIQQT-7,sub-mouse-CIQQT_ses-20190205-sample-7_slice-20190205-slice-4_cell-20190205-sample-7_icephys,sub-mouse-CIQQT_ses-20190205-sample-7_slice-20190205-slice-4_cell-20190205-sample-7_icephys.nwb
20190211_sample_1,PYVMS-1,sub-mouse-PYVMS_ses-20190211-sample-1_slice-20190211-slice-1_cell-20190211-sample-1_icephys,sub-mouse-PYVMS_ses-20190211-sample-1_slice-20190211-slice-1_cell-20190211-sample-1_icephys.nwb
20190211_sample_11,PYVMS-11,sub-mouse-PYVMS_ses-20190211-sample-11_slice-20190211-slice-6_cell-20190211-sample-11_icephys,sub-mouse-PYVMS_ses-20190211-sample-11_slice-20190211-slice-6_cell-20190211-sample-11_icephys.nwb
20190211_sample_12,PYVMS-12,sub-mouse-PYVMS_ses-20190211-sample-12_slice-20190211-slice-8_cell-20190211-sample-12_icephys,sub-mouse-PYVMS_ses-20190211-sample-12_slice-20190211-slice-8_cell-20190211-sample-12_icephys.nwb
20190211_sample_2,PYVMS-2,sub-mouse-PYVMS_ses-20190211-sample-2_slice-20190211-slice-3_cell-20190211-sample-2_icephys,sub-mouse-PYVMS_ses-20190211-sample-2_slice-20190211-slice-3_cell-20190211-sample-2_icephys.nwb
20190211_sample_3,PYVMS-3,sub-mouse-PYVMS_ses-20190211-sample-3_slice-20190211-slice-3_cell-20190211-sample-3_icephys,sub-mouse-PYVMS_ses-20190211-sample-3_slice-20190211-slice-3_cell-20190211-sample-3_icephys.nwb
20190211_sample_4,PYVMS-4,sub-mouse-PYVMS_ses-20190211-sample-4_slice-20190211-slice-5_cell-20190211-sample-4_icephys,sub-mouse-PYVMS_ses-20190211-sample-4_slice-20190211-slice-5_cell-20190211-sample-4_icephys.nwb
20190211_sample_6,PYVMS-6,sub-mouse-PYVMS_ses-20190211-sample-6_slice-20190211-slice-7_cell-20190211-sample-6_icephys,sub-mouse-PYVMS_ses-20190211-sample-6_slice-20190211-slice-7_cell-20190211-sample-6_icephys.nwb
20190211_sample_8,PYVMS-8,sub-mouse-PYVMS_ses-20190211-sample-8_slice-20190211-slice-2_cell-20190211-sample-8_icephys,sub-mouse-PYVMS_ses-20190211-sample-8_slice-20190211-slice-2_cell-20190211-sample-8_icephys.nwb
20190211_sample_9,PYVMS-9,sub-mouse-PYVMS_ses-20190211-sample-9_slice-20190211-slice-4_cell-20190211-sample-9_icephys,sub-mouse-PYVMS_ses-20190211-sample-9_slice-20190211-slice-4_cell-20190211-sample-9_icephys.nwb
20190212_sample_1,QDLIS-1,sub-mouse-QDLIS_ses-20190212-sample-1_slice-20190212-slice-1_cell-20190212-sample-1_icephys,sub-mouse-QDLIS_ses-20190212-sample-1_slice-20190212-slice-1_cell-20190212-sample-1_icephys.nwb
20190212_sample_4,QDLIS-4,sub-mouse-QDLIS_ses-20190212-sample-4_slice-20190212-slice-7_cell-20190212-sample-4_icephys,sub-mouse-QDLIS_ses-20190212-sample-4_slice-20190212-slice-7_cell-20190212-sample-4_icephys.nwb
20190212_sample_5,QDLIS-5,sub-mouse-QDLIS_ses-20190212-sample-5_slice-20190212-slice-9_cell-20190212-sample-5_icephys,sub-mouse-QDLIS_ses-20190212-sample-5_slice-20190212-slice-9_cell-20190212-sample-5_icephys.nwb
20190212_sample_6,QDLIS-6,sub-mouse-QDLIS_ses-20190212-sample-6_slice-20190212-slice-2_cell-20190212-sample-6_icephys,sub-mouse-QDLIS_ses-20190212-sample-6_slice-20190212-slice-2_cell-20190212-sample-6_icephys.nwb
20190212_sample_7,QDLIS-7,sub-mouse-QDLIS_ses-20190212-sample-7_slice-20190212-slice-4_cell-20190212-sample-7_icephys,sub-mouse-QDLIS_ses-20190212-sample-7_slice-20190212-slice-4_cell-20190212-sample-7_icephys.nwb
20190212_sample_8,QDLIS-8,sub-mouse-QDLIS_ses-20190212-sample-8_slice-20190212-slice-6_cell-20190212-sample-8_icephys,sub-mouse-QDLIS_ses-20190212-sample-8_slice-20190212-slice-6_cell-20190212-sample-8_icephys.nwb
20190213_sample_1,LIGNT-1,sub-mouse-LIGNT_ses-20190213-sample-1_slice-20190213-slice-1_cell-20190213-sample-1_icephys,sub-mouse-LIGNT_ses-20190213-sample-1_slice-20190213-slice-1_cell-20190213-sample-1_icephys.nwb
20190213_sample_4,LIGNT-4,sub-mouse-LIGNT_ses-20190213-sample-4_slice-20190213-slice-5_cell-20190213-sample-4_icephys,sub-mouse-LIGNT_ses-20190213-sample-4_slice-20190213-slice-5_cell-20190213-sample-4_icephys.nwb
20190213_sample_7,LIGNT-7,sub-mouse-LIGNT_ses-20190213-sample-7_slice-20190213-slice-4_cell-20190213-sample-7_icephys,sub-mouse-LIGNT_ses-20190213-sample-7_slice-20190213-slice-4_cell-20190213-sample-7_icephys.nwb
20190213_sample_8,LIGNT-8,sub-mouse-LIGNT_ses-20190213-sample-8_slice-20190213-slice-6_cell-20190213-sample-8_icephys,sub-mouse-LIGNT_ses-20190213-sample-8_slice-20190213-slice-6_cell-20190213-sample-8_icephys.nwb
20190214_sample_1,SZOPU-1,sub-mouse-SZOPU_ses-20190214-sample-1_slice-20190214-slice-1_cell-20190214-sample-1_icephys,sub-mouse-SZOPU_ses-20190214-sample-1_slice-20190214-slice-1_cell-20190214-sample-1_icephys.nwb
20190214_sample_2,SZOPU-2,sub-mouse-SZOPU_ses-20190214-sample-2_slice-20190214-slice-3_cell-20190214-sample-2_icephys,sub-mouse-SZOPU_ses-20190214-sample-2_slice-20190214-slice-3_cell-20190214-sample-2_icephys.nwb
20190214_sample_3,SZOPU-3,sub-mouse-SZOPU_ses-20190214-sample-3_slice-20190214-slice-5_cell-20190214-sample-3_icephys,sub-mouse-SZOPU_ses-20190214-sample-3_slice-20190214-slice-5_cell-20190214-sample-3_icephys.nwb
20190214_sample_6,SZOPU-6,sub-mouse-SZOPU_ses-20190214-sample-6_slice-20190214-slice-2_cell-20190214-sample-6_icephys,sub-mouse-SZOPU_ses-20190214-sample-6_slice-20190214-slice-2_cell-20190214-sample-6_icephys.nwb
20190214_sample_9,SZOPU-9,sub-mouse-SZOPU_ses-20190214-sample-9_slice-20190214-slice-8_cell-20190214-sample-9_icephys,sub-mouse-SZOPU_ses-20190214-sample-9_slice-20190214-slice-8_cell-20190214-sample-9_icephys.nwb
20190218_sample_3,ECLYT-3,sub-mouse-ECLYT_ses-20190218-sample-3_slice-20190218-slice-3_cell-20190218-sample-3_icephys,sub-mouse-ECLYT_ses-20190218-sample-3_slice-20190218-slice-3_cell-20190218-sample-3_icephys.nwb
20190218_sample_4,ECLYT-4,sub-mouse-ECLYT_ses-20190218-sample-4_slice-20190218-slice-4_cell-20190218-sample-4_icephys,sub-mouse-ECLYT_ses-20190218-sample-4_slice-20190218-slice-4_cell-20190218-sample-4_icephys.nwb
20190218_sample_5,ECLYT-5,sub-mouse-ECLYT_ses-20190218-sample-5_slice-20190218-slice-5_cell-20190218-sample-5_icephys,sub-mouse-ECLYT_ses-20190218-sample-5_slice-20190218-slice-5_cell-20190218-sample-5_icephys.nwb
20190219_sample_1,UDUWP-1,sub-mouse-UDUWP_ses-20190219-sample-1_slice-20190219-slice-1_cell-20190219-sample-1_icephys,sub-mouse-UDUWP_ses-20190219-sample-1_slice-20190219-slice-1_cell-20190219-sample-1_icephys.nwb
20190219_sample_3,UDUWP-3,sub-mouse-UDUWP_ses-20190219-sample-3_slice-20190219-slice-3_cell-20190219-sample-3_icephys,sub-mouse-UDUWP_ses-20190219-sample-3_slice-20190219-slice-3_cell-20190219-sample-3_icephys.nwb
20190219_sample_4,UDUWP-4,sub-mouse-UDUWP_ses-20190219-sample-4_slice-20190219-slice-4_cell-20190219-sample-4_icephys,sub-mouse-UDUWP_ses-20190219-sample-4_slice-20190219-slice-4_cell-20190219-sample-4_icephys.nwb
20190219_sample_7,UDUWP-7,sub-mouse-UDUWP_ses-20190219-sample-7_slice-20190219-slice-7_cell-20190219-sample-7_icephys,sub-mouse-UDUWP_ses-20190219-sample-7_slice-20190219-slice-7_cell-20190219-sample-7_icephys.nwb
20190219_sample_8,UDUWP-8,sub-mouse-UDUWP_ses-20190219-sample-8_slice-20190219-slice-8_cell-20190219-sample-8_icephys,sub-mouse-UDUWP_ses-20190219-sample-8_slice-20190219-slice-8_cell-20190219-sample-8_icephys.nwb
20190221_sample_1,YGMUJ-1,sub-mouse-YGMUJ_ses-20190221-sample-1_slice-20190221-slice-1_cell-20190221-sample-1_icephys,sub-mouse-YGMUJ_ses-20190221-sample-1_slice-20190221-slice-1_cell-20190221-sample-1_icephys.nwb
20190221_sample_10,YGMUJ-10,sub-mouse-YGMUJ_ses-20190221-sample-10_slice-20190221-slice-6_cell-20190221-sample-10_icephys,sub-mouse-YGMUJ_ses-20190221-sample-10_slice-20190221-slice-6_cell-20190221-sample-10_icephys.nwb
20190221_sample_11,YGMUJ-11,sub-mouse-YGMUJ_ses-20190221-sample-11_slice-20190221-slice-8_cell-20190221-sample-11_icephys,sub-mouse-YGMUJ_ses-20190221-sample-11_slice-20190221-slice-8_cell-20190221-sample-11_icephys.nwb
20190221_sample_2,YGMUJ-2,sub-mouse-YGMUJ_ses-20190221-sample-2_slice-20190221-slice-3_cell-20190221-sample-2_icephys,sub-mouse-YGMUJ_ses-20190221-sample-2_slice-20190221-slice-3_cell-20190221-sample-2_icephys.nwb
20190221_sample_4,YGMUJ-4,sub-mouse-YGMUJ_ses-20190221-sample-4_slice-20190221-slice-5_cell-20190221-sample-4_icephys,sub-mouse-YGMUJ_ses-20190221-sample-4_slice-20190221-slice-5_cell-20190221-sample-4_icephys.nwb
20190222_sample_2,ZGNZE-2,sub-mouse-ZGNZE_ses-20190222-sample-2_slice-20190222-slice-2_cell-20190222-sample-2_icephys,sub-mouse-ZGNZE_ses-20190222-sample-2_slice-20190222-slice-2_cell-20190222-sample-2_icephys.nwb
20190222_sample_3,ZGNZE-3,sub-mouse-ZGNZE_ses-20190222-sample-3_slice-20190222-slice-3_cell-20190222-sample-3_icephys,sub-mouse-ZGNZE_ses-20190222-sample-3_slice-20190222-slice-3_cell-20190222-sample-3_icephys.nwb
20190222_sample_4,ZGNZE-4,sub-mouse-ZGNZE_ses-20190222-sample-4_slice-20190222-slice-4_cell-20190222-sample-4_icephys,sub-mouse-ZGNZE_ses-20190222-sample-4_slice-20190222-slice-4_cell-20190222-sample-4_icephys.nwb
20190222_sample_5,ZGNZE-5,sub-mouse-ZGNZE_ses-20190222-sample-5_slice-20190222-slice-6_cell-20190222-sample-5_icephys,sub-mouse-ZGNZE_ses-20190222-sample-5_slice-20190222-slice-6_cell-20190222-sample-5_icephys.nwb
20190222_sample_7,ZGNZE-7,sub-mouse-ZGNZE_ses-20190222-sample-7_slice-20190222-slice-5_cell-20190222-sample-7_icephys,sub-mouse-ZGNZE_ses-20190222-sample-7_slice-20190222-slice-5_cell-20190222-sample-7_icephys.nwb
20190222_sample_8,ZGNZE-8,sub-mouse-ZGNZE_ses-20190222-sample-8_slice-20190222-slice-7_cell-20190222-sample-8_icephys,sub-mouse-ZGNZE_ses-20190222-sample-8_slice-20190222-slice-7_cell-20190222-sample-8_icephys.nwb
20190226_sample_1,CWKKR-1,sub-mouse-CWKKR_ses-20190226-sample-1_slice-20190226-slice-1_cell-20190226-sample-1_icephys,sub-mouse-CWKKR_ses-20190226-sample-1_slice-20190226-slice-1_cell-20190226-sample-1_icephys.nwb
20190226_sample_2,CWKKR-2,sub-mouse-CWKKR_ses-20190226-sample-2_slice-20190226-slice-3_cell-20190226-sample-2_icephys,sub-mouse-CWKKR_ses-20190226-sample-2_slice-20190226-slice-3_cell-20190226-sample-2_icephys.nwb
20190226_sample_3,CWKKR-3,sub-mouse-CWKKR_ses-20190226-sample-3_slice-20190226-slice-3_cell-20190226-sample-3_icephys,sub-mouse-CWKKR_ses-20190226-sample-3_slice-20190226-slice-3_cell-20190226-sample-3_icephys.nwb
20190226_sample_5,CWKKR-5,sub-mouse-CWKKR_ses-20190226-sample-5_slice-20190226-slice-7_cell-20190226-sample-5_icephys,sub-mouse-CWKKR_ses-20190226-sample-5_slice-20190226-slice-7_cell-20190226-sample-5_icephys.nwb
20190226_sample_6,CWKKR-6,sub-mouse-CWKKR_ses-20190226-sample-6_slice-20190226-slice-2_cell-20190226-sample-6_icephys,sub-mouse-CWKKR_ses-20190226-sample-6_slice-20190226-slice-2_cell-20190226-sample-6_icephys.nwb
20190226_sample_7,CWKKR-7,sub-mouse-CWKKR_ses-20190226-sample-7_slice-20190226-slice-2_cell-20190226-sample-7_icephys,sub-mouse-CWKKR_ses-20190226-sample-7_slice-20190226-slice-2_cell-20190226-sample-7_icephys.nwb
20190226_sample_9,CWKKR-9,sub-mouse-CWKKR_ses-20190226-sample-9_slice-20190226-slice-6_cell-20190226-sample-9_icephys,sub-mouse-CWKKR_ses-20190226-sample-9_slice-20190226-slice-6_cell-20190226-sample-9_icephys.nwb
20190227_sample_1,OLIJZ-1,sub-mouse-OLIJZ_ses-20190227-sample-1_slice-20190227-slice-1_cell-20190227-sample-1_icephys,sub-mouse-OLIJZ_ses-20190227-sample-1_slice-20190227-slice-1_cell-20190227-sample-1_icephys.nwb
20190227_sample_2,OLIJZ-2,sub-mouse-OLIJZ_ses-20190227-sample-2_slice-20190227-slice-2_cell-20190227-sample-2_icephys,sub-mouse-OLIJZ_ses-20190227-sample-2_slice-20190227-slice-2_cell-20190227-sample-2_icephys.nwb
20190227_sample_3,OLIJZ-3,sub-mouse-OLIJZ_ses-20190227-sample-3_slice-20190227-slice-3_cell-20190227-sample-3_icephys,sub-mouse-OLIJZ_ses-20190227-sample-3_slice-20190227-slice-3_cell-20190227-sample-3_icephys.nwb
20190227_sample_4,OLIJZ-4,sub-mouse-OLIJZ_ses-20190227-sample-4_slice-20190227-slice-4_cell-20190227-sample-4_icephys,sub-mouse-OLIJZ_ses-20190227-sample-4_slice-20190227-slice-4_cell-20190227-sample-4_icephys.nwb
20190227_sample_5,OLIJZ-5,sub-mouse-OLIJZ_ses-20190227-sample-5_slice-20190227-slice-5_cell-20190227-sample-5_icephys,sub-mouse-OLIJZ_ses-20190227-sample-5_slice-20190227-slice-5_cell-20190227-sample-5_icephys.nwb
20190227_sample_6,OLIJZ-6,sub-mouse-OLIJZ_ses-20190227-sample-6_slice-20190227-slice-6_cell-20190227-sample-6_icephys,sub-mouse-OLIJZ_ses-20190227-sample-6_slice-20190227-slice-6_cell-20190227-sample-6_icephys.nwb
20190227_sample_7,OLIJZ-7,sub-mouse-OLIJZ_ses-20190227-sample-7_slice-20190227-slice-7_cell-20190227-sample-7_icephys,sub-mouse-OLIJZ_ses-20190227-sample-7_slice-20190227-slice-7_cell-20190227-sample-7_icephys.nwb
20190318_sample_3,LQFGN-3,sub-mouse-LQFGN_ses-20190318-sample-3_slice-20190318-slice-3_cell-20190318-sample-3_icephys,sub-mouse-LQFGN_ses-20190318-sample-3_slice-20190318-slice-3_cell-20190318-sample-3_icephys.nwb
20190318_sample_4,LQFGN-4,sub-mouse-LQFGN_ses-20190318-sample-4_slice-20190318-slice-4_cell-20190318-sample-4_icephys,sub-mouse-LQFGN_ses-20190318-sample-4_slice-20190318-slice-4_cell-20190318-sample-4_icephys.nwb
20190318_sample_5,LQFGN-5,sub-mouse-LQFGN_ses-20190318-sample-5_slice-20190318-slice-5_cell-20190318-sample-5_icephys,sub-mouse-LQFGN_ses-20190318-sample-5_slice-20190318-slice-5_cell-20190318-sample-5_icephys.nwb
20190318_sample_6,LQFGN-6,sub-mouse-LQFGN_ses-20190318-sample-6_slice-20190318-slice-6_cell-20190318-sample-6_icephys,sub-mouse-LQFGN_ses-20190318-sample-6_slice-20190318-slice-6_cell-20190318-sample-6_icephys.nwb
20190320_sample_4,MHJIR-4,sub-mouse-MHJIR_ses-20190320-sample-4_slice-20190320-slice-3_cell-20190320-sample-4_icephys,sub-mouse-MHJIR_ses-20190320-sample-4_slice-20190320-slice-3_cell-20190320-sample-4_icephys.nwb
20190320_sample_5,MHJIR-5,sub-mouse-MHJIR_ses-20190320-sample-5_slice-20190320-slice-4_cell-20190320-sample-5_icephys,sub-mouse-MHJIR_ses-20190320-sample-5_slice-20190320-slice-4_cell-20190320-sample-5_icephys.nwb
20190320_sample_6,MHJIR-6,sub-mouse-MHJIR_ses-20190320-sample-6_slice-20190320-slice-5_cell-20190320-sample-6_icephys,sub-mouse-MHJIR_ses-20190320-sample-6_slice-20190320-slice-5_cell-20190320-sample-6_icephys.nwb
20190320_sample_9,MHJIR-9,sub-mouse-MHJIR_ses-20190320-sample-9_slice-20190320-slice-7_cell-20190320-sample-9_icephys,sub-mouse-MHJIR_ses-20190320-sample-9_slice-20190320-slice-7_cell-20190320-sample-9_icephys.nwb
20190321_sample_2,ZBEEF-2,sub-mouse-ZBEEF_ses-20190321-sample-2_slice-20190321-slice-2_cell-20190321-sample-2_icephys,sub-mouse-ZBEEF_ses-20190321-sample-2_slice-20190321-slice-2_cell-20190321-sample-2_icephys.nwb
20190321_sample_4,ZBEEF-4,sub-mouse-ZBEEF_ses-20190321-sample-4_slice-20190321-slice-4_cell-20190321-sample-4_icephys,sub-mouse-ZBEEF_ses-20190321-sample-4_slice-20190321-slice-4_cell-20190321-sample-4_icephys.nwb
20190321_sample_6,ZBEEF-6,sub-mouse-ZBEEF_ses-20190321-sample-6_slice-20190321-slice-6_cell-20190321-sample-6_icephys,sub-mouse-ZBEEF_ses-20190321-sample-6_slice-20190321-slice-6_cell-20190321-sample-6_icephys.nwb
20190322_sample_1,SHPMA-1,sub-mouse-SHPMA_ses-20190322-sample-1_slice-20190322-slice-1_cell-20190322-sample-1_icephys,sub-mouse-SHPMA_ses-20190322-sample-1_slice-20190322-slice-1_cell-20190322-sample-1_icephys.nwb
20190322_sample_2,SHPMA-2,sub-mouse-SHPMA_ses-20190322-sample-2_slice-20190322-slice-2_cell-20190322-sample-2_icephys,sub-mouse-SHPMA_ses-20190322-sample-2_slice-20190322-slice-2_cell-20190322-sample-2_icephys.nwb
20190322_sample_3,SHPMA-3,sub-mouse-SHPMA_ses-20190322-sample-3_slice-20190322-slice-3_cell-20190322-sample-3_icephys,sub-mouse-SHPMA_ses-20190322-sample-3_slice-20190322-slice-3_cell-20190322-sample-3_icephys.nwb
20190322_sample_4,SHPMA-4,sub-mouse-SHPMA_ses-20190322-sample-4_slice-20190322-slice-4_cell-20190322-sample-4_icephys,sub-mouse-SHPMA_ses-20190322-sample-4_slice-20190322-slice-4_cell-20190322-sample-4_icephys.nwb
20190325_sample_1,VTQGY-1,sub-mouse-VTQGY_ses-20190325-sample-1_slice-20190325-slice-1_cell-20190325-sample-1_icephys,sub-mouse-VTQGY_ses-20190325-sample-1_slice-20190325-slice-1_cell-20190325-sample-1_icephys.nwb
20190325_sample_2,VTQGY-2,sub-mouse-VTQGY_ses-20190325-sample-2_slice-20190325-slice-2_cell-20190325-sample-2_icephys,sub-mouse-VTQGY_ses-20190325-sample-2_slice-20190325-slice-2_cell-20190325-sample-2_icephys.nwb
20190325_sample_3,VTQGY-3,sub-mouse-VTQGY_ses-20190325-sample-3_slice-20190325-slice-3_cell-20190325-sample-3_icephys,sub-mouse-VTQGY_ses-20190325-sample-3_slice-20190325-slice-3_cell-20190325-sample-3_icephys.nwb
20190325_sample_4,VTQGY-4,sub-mouse-VTQGY_ses-20190325-sample-4_slice-20190325-slice-4_cell-20190325-sample-4_icephys,sub-mouse-VTQGY_ses-20190325-sample-4_slice-20190325-slice-4_cell-20190325-sample-4_icephys.nwb
20190325_sample_5,VTQGY-5,sub-mouse-VTQGY_ses-20190325-sample-5_slice-20190325-slice-5_cell-20190325-sample-5_icephys,sub-mouse-VTQGY_ses-20190325-sample-5_slice-20190325-slice-5_cell-20190325-sample-5_icephys.nwb
20190325_sample_6,VTQGY-6,sub-mouse-VTQGY_ses-20190325-sample-6_slice-20190325-slice-6_cell-20190325-sample-6_icephys,sub-mouse-VTQGY_ses-20190325-sample-6_slice-20190325-slice-6_cell-20190325-sample-6_icephys.nwb
20190325_sample_7,VTQGY-7,sub-mouse-VTQGY_ses-20190325-sample-7_slice-20190325-slice-7_cell-20190325-sample-7_icephys,sub-mouse-VTQGY_ses-20190325-sample-7_slice-20190325-slice-7_cell-20190325-sample-7_icephys.nwb
20190325_sample_9,VTQGY-9,sub-mouse-VTQGY_ses-20190325-sample-9_slice-20190325-slice-9_cell-20190325-sample-9_icephys,sub-mouse-VTQGY_ses-20190325-sample-9_slice-20190325-slice-9_cell-20190325-sample-9_icephys.nwb
20190326_sample_1,MDDFS-1,sub-mouse-MDDFS_ses-20190326-sample-1_slice-20190326-slice-1_cell-20190326-sample-1_icephys,sub-mouse-MDDFS_ses-20190326-sample-1_slice-20190326-slice-1_cell-20190326-sample-1_icephys.nwb
20190326_sample_2,MDDFS-2,sub-mouse-MDDFS_ses-20190326-sample-2_slice-20190326-slice-2_cell-20190326-sample-2_icephys,sub-mouse-MDDFS_ses-20190326-sample-2_slice-20190326-slice-2_cell-20190326-sample-2_icephys.nwb
20190326_sample_3,MDDFS-3,sub-mouse-MDDFS_ses-20190326-sample-3_slice-20190326-slice-3_cell-20190326-sample-3_icephys,sub-mouse-MDDFS_ses-20190326-sample-3_slice-20190326-slice-3_cell-20190326-sample-3_icephys.nwb
20190326_sample_4,MDDFS-4,sub-mouse-MDDFS_ses-20190326-sample-4_slice-20190326-slice-4_cell-20190326-sample-4_icephys,sub-mouse-MDDFS_ses-20190326-sample-4_slice-20190326-slice-4_cell-20190326-sample-4_icephys.nwb
20190327_sample_1,LVGJZ-1,sub-mouse-LVGJZ_ses-20190327-sample-1_slice-20190327-slice-1_cell-20190327-sample-1_icephys,sub-mouse-LVGJZ_ses-20190327-sample-1_slice-20190327-slice-1_cell-20190327-sample-1_icephys.nwb
20190327_sample_2,LVGJZ-2,sub-mouse-LVGJZ_ses-20190327-sample-2_slice-20190327-slice-2_cell-20190327-sample-2_icephys,sub-mouse-LVGJZ_ses-20190327-sample-2_slice-20190327-slice-2_cell-20190327-sample-2_icephys.nwb
20190327_sample_4,LVGJZ-4,sub-mouse-LVGJZ_ses-20190327-sample-4_slice-20190327-slice-4_cell-20190327-sample-4_icephys,sub-mouse-LVGJZ_ses-20190327-sample-4_slice-20190327-slice-4_cell-20190327-sample-4_icephys.nwb
20190327_sample_7,LVGJZ-7,sub-mouse-LVGJZ_ses-20190327-sample-7_slice-20190327-slice-7_cell-20190327-sample-7_icephys,sub-mouse-LVGJZ_ses-20190327-sample-7_slice-20190327-slice-7_cell-20190327-sample-7_icephys.nwb
20190328_sample_1,SGCMM-1,sub-mouse-SGCMM_ses-20190328-sample-1_slice-20190328-slice-1_cell-20190328-sample-1_icephys,sub-mouse-SGCMM_ses-20190328-sample-1_slice-20190328-slice-1_cell-20190328-sample-1_icephys.nwb
20190328_sample_2,SGCMM-2,sub-mouse-SGCMM_ses-20190328-sample-2_slice-20190328-slice-2_cell-20190328-sample-2_icephys,sub-mouse-SGCMM_ses-20190328-sample-2_slice-20190328-slice-2_cell-20190328-sample-2_icephys.nwb
20190328_sample_3,SGCMM-3,sub-mouse-SGCMM_ses-20190328-sample-3_slice-20190328-slice-3_cell-20190328-sample-3_icephys,sub-mouse-SGCMM_ses-20190328-sample-3_slice-20190328-slice-3_cell-20190328-sample-3_icephys.nwb
20190328_sample_4,SGCMM-4,sub-mouse-SGCMM_ses-20190328-sample-4_slice-20190328-slice-4_cell-20190328-sample-4_icephys,sub-mouse-SGCMM_ses-20190328-sample-4_slice-20190328-slice-4_cell-20190328-sample-4_icephys.nwb
20190328_sample_5,SGCMM-5,sub-mouse-SGCMM_ses-20190328-sample-5_slice-20190328-slice-5_cell-20190328-sample-5_icephys,sub-mouse-SGCMM_ses-20190328-sample-5_slice-20190328-slice-5_cell-20190328-sample-5_icephys.nwb
20190328_sample_6,SGCMM-6,sub-mouse-SGCMM_ses-20190328-sample-6_slice-20190328-slice-6_cell-20190328-sample-6_icephys,sub-mouse-SGCMM_ses-20190328-sample-6_slice-20190328-slice-6_cell-20190328-sample-6_icephys.nwb
20190328_sample_8,SGCMM-8,sub-mouse-SGCMM_ses-20190328-sample-8_slice-20190328-slice-8_cell-20190328-sample-8_icephys,sub-mouse-SGCMM_ses-20190328-sample-8_slice-20190328-slice-8_cell-20190328-sample-8_icephys.nwb
20190328_sample_9,SGCMM-9,sub-mouse-SGCMM_ses-20190328-sample-9_slice-20190328-slice-9_cell-20190328-sample-9_icephys,sub-mouse-SGCMM_ses-20190328-sample-9_slice-20190328-slice-9_cell-20190328-sample-9_icephys.nwb
20190329_sample_3,RZTHI-3,sub-mouse-RZTHI_ses-20190329-sample-3_slice-20190329-slice-3_cell-20190329-sample-3_icephys,sub-mouse-RZTHI_ses-20190329-sample-3_slice-20190329-slice-3_cell-20190329-sample-3_icephys.nwb
20190329_sample_4,RZTHI-4,sub-mouse-RZTHI_ses-20190329-sample-4_slice-20190329-slice-4_cell-20190329-sample-4_icephys,sub-mouse-RZTHI_ses-20190329-sample-4_slice-20190329-slice-4_cell-20190329-sample-4_icephys.nwb
20190329_sample_5,RZTHI-5,sub-mouse-RZTHI_ses-20190329-sample-5_slice-20190329-slice-5_cell-20190329-sample-5_icephys,sub-mouse-RZTHI_ses-20190329-sample-5_slice-20190329-slice-5_cell-20190329-sample-5_icephys.nwb
20190402_sample_2,GACMY-2,sub-mouse-GACMY_ses-20190402-sample-2_slice-20190402-slice-2_cell-20190402-sample-2_icephys,sub-mouse-GACMY_ses-20190402-sample-2_slice-20190402-slice-2_cell-20190402-sample-2_icephys.nwb
20190402_sample_3,GACMY-3,sub-mouse-GACMY_ses-20190402-sample-3_slice-20190402-slice-3_cell-20190402-sample-3_icephys,sub-mouse-GACMY_ses-20190402-sample-3_slice-20190402-slice-3_cell-20190402-sample-3_icephys.nwb
20190402_sample_5,GACMY-5,sub-mouse-GACMY_ses-20190402-sample-5_slice-20190402-slice-5_cell-20190402-sample-5_icephys,sub-mouse-GACMY_ses-20190402-sample-5_slice-20190402-slice-5_cell-20190402-sample-5_icephys.nwb
20190402_sample_6,GACMY-6,sub-mouse-GACMY_ses-20190402-sample-6_slice-20190402-slice-6_cell-20190402-sample-6_icephys,sub-mouse-GACMY_ses-20190402-sample-6_slice-20190402-slice-6_cell-20190402-sample-6_icephys.nwb
20190403_sample_3,QYXAF-3,sub-mouse-QYXAF_ses-20190403-sample-3_slice-20190403-slice-3_cell-20190403-sample-3_icephys,sub-mouse-QYXAF_ses-20190403-sample-3_slice-20190403-slice-3_cell-20190403-sample-3_icephys.nwb
20190403_sample_5,QYXAF-5,sub-mouse-QYXAF_ses-20190403-sample-5_slice-20190403-slice-5_cell-20190403-sample-5_icephys,sub-mouse-QYXAF_ses-20190403-sample-5_slice-20190403-slice-5_cell-20190403-sample-5_icephys.nwb
20190403_sample_6,QYXAF-6,sub-mouse-QYXAF_ses-20190403-sample-6_slice-20190403-slice-6_cell-20190403-sample-6_icephys,sub-mouse-QYXAF_ses-20190403-sample-6_slice-20190403-slice-6_cell-20190403-sample-6_icephys.nwb
20190403_sample_7,QYXAF-7,sub-mouse-QYXAF_ses-20190403-sample-7_slice-20190403-slice-7_cell-20190403-sample-7_icephys,sub-mouse-QYXAF_ses-20190403-sample-7_slice-20190403-slice-7_cell-20190403-sample-7_icephys.nwb
20190408_sample_1,UFZLM-1,sub-mouse-UFZLM_ses-20190408-sample-1_slice-20190408-slice-1_cell-20190408-sample-1_icephys,sub-mouse-UFZLM_ses-20190408-sample-1_slice-20190408-slice-1_cell-20190408-sample-1_icephys.nwb
20190408_sample_2,UFZLM-2,sub-mouse-UFZLM_ses-20190408-sample-2_slice-20190408-slice-2_cell-20190408-sample-2_icephys,sub-mouse-UFZLM_ses-20190408-sample-2_slice-20190408-slice-2_cell-20190408-sample-2_icephys.nwb
20190408_sample_5,UFZLM-5,sub-mouse-UFZLM_ses-20190408-sample-5_slice-20190408-slice-5_cell-20190408-sample-5_icephys,sub-mouse-UFZLM_ses-20190408-sample-5_slice-20190408-slice-5_cell-20190408-sample-5_icephys.nwb
20190408_sample_6,UFZLM-6,sub-mouse-UFZLM_ses-20190408-sample-6_slice-20190408-slice-6_cell-20190408-sample-6_icephys,sub-mouse-UFZLM_ses-20190408-sample-6_slice-20190408-slice-6_cell-20190408-sample-6_icephys.nwb
20190409_sample_10,UKEDC-10,sub-mouse-UKEDC_ses-20190409-sample-10_slice-20190409-slice-10_cell-20190409-sample-10_icephys,sub-mouse-UKEDC_ses-20190409-sample-10_slice-20190409-slice-10_cell-20190409-sample-10_icephys.nwb
20190409_sample_11,UKEDC-11,sub-mouse-UKEDC_ses-20190409-sample-11_slice-20190409-slice-11_cell-20190409-sample-11_icephys,sub-mouse-UKEDC_ses-20190409-sample-11_slice-20190409-slice-11_cell-20190409-sample-11_icephys.nwb
20190409_sample_2,MOUPV-2,sub-mouse-MOUPV_ses-20190409-sample-2_slice-20190409-slice-2_cell-20190409-sample-2_icephys,sub-mouse-MOUPV_ses-20190409-sample-2_slice-20190409-slice-2_cell-20190409-sample-2_icephys.nwb
20190409_sample_3,MOUPV-3,sub-mouse-MOUPV_ses-20190409-sample-3_slice-20190409-slice-3_cell-20190409-sample-3_icephys,sub-mouse-MOUPV_ses-20190409-sample-3_slice-20190409-slice-3_cell-20190409-sample-3_icephys.nwb
20190409_sample_4,MOUPV-4,sub-mouse-MOUPV_ses-20190409-sample-4_slice-20190409-slice-4_cell-20190409-sample-4_icephys,sub-mouse-MOUPV_ses-20190409-sample-4_slice-20190409-slice-4_cell-20190409-sample-4_icephys.nwb
20190409_sample_5,MOUPV-5,sub-mouse-MOUPV_ses-20190409-sample-5_slice-20190409-slice-5_cell-20190409-sample-5_icephys,sub-mouse-MOUPV_ses-20190409-sample-5_slice-20190409-slice-5_cell-20190409-sample-5_icephys.nwb
20190409_sample_7,MOUPV-7,sub-mouse-MOUPV_ses-20190409-sample-7_slice-20190409-slice-7_cell-20190409-sample-7_icephys,sub-mouse-MOUPV_ses-20190409-sample-7_slice-20190409-slice-7_cell-20190409-sample-7_icephys.nwb
20190409_sample_8,UKEDC-8,sub-mouse-UKEDC_ses-20190409-sample-8_slice-20190409-slice-8_cell-20190409-sample-8_icephys,sub-mouse-UKEDC_ses-20190409-sample-8_slice-20190409-slice-8_cell-20190409-sample-8_icephys.nwb
20190409_sample_9,UKEDC-9,sub-mouse-UKEDC_ses-20190409-sample-9_slice-20190409-slice-9_cell-20190409-sample-9_icephys,sub-mouse-UKEDC_ses-20190409-sample-9_slice-20190409-slice-9_cell-20190409-sample-9_icephys.nwb
20190410_sample_10,STYRO-10,sub-mouse-STYRO_ses-20190410-sample-10_slice-20190410-slice-10_cell-20190410-sample-10_icephys,sub-mouse-STYRO_ses-20190410-sample-10_slice-20190410-slice-10_cell-20190410-sample-10_icephys.nwb
20190410_sample_3,STYRO-3,sub-mouse-STYRO_ses-20190410-sample-3_slice-20190410-slice-3_cell-20190410-sample-3_icephys,sub-mouse-STYRO_ses-20190410-sample-3_slice-20190410-slice-3_cell-20190410-sample-3_icephys.nwb
20190410_sample_4,STYRO-4,sub-mouse-STYRO_ses-20190410-sample-4_slice-20190410-slice-4_cell-20190410-sample-4_icephys,sub-mouse-STYRO_ses-20190410-sample-4_slice-20190410-slice-4_cell-20190410-sample-4_icephys.nwb
20190410_sample_6,STYRO-6,sub-mouse-STYRO_ses-20190410-sample-6_slice-20190410-slice-6_cell-20190410-sample-6_icephys,sub-mouse-STYRO_ses-20190410-sample-6_slice-20190410-slice-6_cell-20190410-sample-6_icephys.nwb
20190410_sample_7,STYRO-7,sub-mouse-STYRO_ses-20190410-sample-7_slice-20190410-slice-7_cell-20190410-sample-7_icephys,sub-mouse-STYRO_ses-20190410-sample-7_slice-20190410-slice-7_cell-20190410-sample-7_icephys.nwb
20190411_sample_1,IQNOA-1,sub-mouse-IQNOA_ses-20190411-sample-1_slice-20190411-slice-1_cell-20190411-sample-1_icephys,sub-mouse-IQNOA_ses-20190411-sample-1_slice-20190411-slice-1_cell-20190411-sample-1_icephys.nwb
20190411_sample_3,IQNOA-3,sub-mouse-IQNOA_ses-20190411-sample-3_slice-20190411-slice-3_cell-20190411-sample-3_icephys,sub-mouse-IQNOA_ses-20190411-sample-3_slice-20190411-slice-3_cell-20190411-sample-3_icephys.nwb
20190411_sample_5,IQNOA-5,sub-mouse-IQNOA_ses-20190411-sample-5_slice-20190411-slice-5_cell-20190411-sample-5_icephys,sub-mouse-IQNOA_ses-20190411-sample-5_slice-20190411-slice-5_cell-20190411-sample-5_icephys.nwb
20190411_sample_6,IQNOA-6,sub-mouse-IQNOA_ses-20190411-sample-6_slice-20190411-slice-6_cell-20190411-sample-6_icephys,sub-mouse-IQNOA_ses-20190411-sample-6_slice-20190411-slice-6_cell-20190411-sample-6_icephys.nwb
20190411_sample_8,IQNOA-8,sub-mouse-IQNOA_ses-20190411-sample-8_slice-20190411-slice-8_cell-20190411-sample-8_icephys,sub-mouse-IQNOA_ses-20190411-sample-8_slice-20190411-slice-8_cell-20190411-sample-8_icephys.nwb
20190412_sample_1,UVVCP-1,sub-mouse-UVVCP_ses-20190412-sample-1_slice-20190412-slice-1_cell-20190412-sample-1_icephys,sub-mouse-UVVCP_ses-20190412-sample-1_slice-20190412-slice-1_cell-20190412-sample-1_icephys.nwb
20190412_sample_3,UVVCP-3,sub-mouse-UVVCP_ses-20190412-sample-3_slice-20190412-slice-3_cell-20190412-sample-3_icephys,sub-mouse-UVVCP_ses-20190412-sample-3_slice-20190412-slice-3_cell-20190412-sample-3_icephys.nwb
20190412_sample_6,UVVCP-6,sub-mouse-UVVCP_ses-20190412-sample-6_slice-20190412-slice-6_cell-20190412-sample-6_icephys,sub-mouse-UVVCP_ses-20190412-sample-6_slice-20190412-slice-6_cell-20190412-sample-6_icephys.nwb
20190415_sample_1,WYKLJ-1,sub-mouse-WYKLJ_ses-20190415-sample-1_slice-20190415-slice-1_cell-20190415-sample-1_icephys,sub-mouse-WYKLJ_ses-20190415-sample-1_slice-20190415-slice-1_cell-20190415-sample-1_icephys.nwb
20190415_sample_10,WYKLJ-10,sub-mouse-WYKLJ_ses-20190415-sample-10_slice-20190415-slice-10_cell-20190415-sample-10_icephys,sub-mouse-WYKLJ_ses-20190415-sample-10_slice-20190415-slice-10_cell-20190415-sample-10_icephys.nwb
20190415_sample_3,WYKLJ-3,sub-mouse-WYKLJ_ses-20190415-sample-3_slice-20190415-slice-3_cell-20190415-sample-3_icephys,sub-mouse-WYKLJ_ses-20190415-sample-3_slice-20190415-slice-3_cell-20190415-sample-3_icephys.nwb
20190415_sample_4,WYKLJ-4,sub-mouse-WYKLJ_ses-20190415-sample-4_slice-20190415-slice-4_cell-20190415-sample-4_icephys,sub-mouse-WYKLJ_ses-20190415-sample-4_slice-20190415-slice-4_cell-20190415-sample-4_icephys.nwb
20190415_sample_6,WYKLJ-6,sub-mouse-WYKLJ_ses-20190415-sample-6_slice-20190415-slice-6_cell-20190415-sample-6_icephys,sub-mouse-WYKLJ_ses-20190415-sample-6_slice-20190415-slice-6_cell-20190415-sample-6_icephys.nwb
20190415_sample_8,WYKLJ-8,sub-mouse-WYKLJ_ses-20190415-sample-8_slice-20190415-slice-8_cell-20190415-sample-8_icephys,sub-mouse-WYKLJ_ses-20190415-sample-8_slice-20190415-slice-8_cell-20190415-sample-8_icephys.nwb
20190416_sample_10,PHFLX-10,sub-mouse-PHFLX_ses-20190416-sample-10_slice-20190416-slice-10_cell-20190416-sample-10_icephys,sub-mouse-PHFLX_ses-20190416-sample-10_slice-20190416-slice-10_cell-20190416-sample-10_icephys.nwb
20190416_sample_3,PHFLX-3,sub-mouse-PHFLX_ses-20190416-sample-3_slice-20190416-slice-3_cell-20190416-sample-3_icephys,sub-mouse-PHFLX_ses-20190416-sample-3_slice-20190416-slice-3_cell-20190416-sample-3_icephys.nwb
20190416_sample_4,PHFLX-4,sub-mouse-PHFLX_ses-20190416-sample-4_slice-20190416-slice-4_cell-20190416-sample-4_icephys,sub-mouse-PHFLX_ses-20190416-sample-4_slice-20190416-slice-4_cell-20190416-sample-4_icephys.nwb
20190416_sample_5,PHFLX-5,sub-mouse-PHFLX_ses-20190416-sample-5_slice-20190416-slice-5_cell-20190416-sample-5_icephys,sub-mouse-PHFLX_ses-20190416-sample-5_slice-20190416-slice-5_cell-20190416-sample-5_icephys.nwb
20190416_sample_6,PHFLX-6,sub-mouse-PHFLX_ses-20190416-sample-6_slice-20190416-slice-6_cell-20190416-sample-6_icephys,sub-mouse-PHFLX_ses-20190416-sample-6_slice-20190416-slice-6_cell-20190416-sample-6_icephys.nwb
20190416_sample_7,PHFLX-7,sub-mouse-PHFLX_ses-20190416-sample-7_slice-20190416-slice-7_cell-20190416-sample-7_icephys,sub-mouse-PHFLX_ses-20190416-sample-7_slice-20190416-slice-7_cell-20190416-sample-7_icephys.nwb
20190416_sample_8,PHFLX-8,sub-mouse-PHFLX_ses-20190416-sample-8_slice-20190416-slice-8_cell-20190416-sample-8_icephys,sub-mouse-PHFLX_ses-20190416-sample-8_slice-20190416-slice-8_cell-20190416-sample-8_icephys.nwb
20190416_sample_9,PHFLX-9,sub-mouse-PHFLX_ses-20190416-sample-9_slice-20190416-slice-9_cell-20190416-sample-9_icephys,sub-mouse-PHFLX_ses-20190416-sample-9_slice-20190416-slice-9_cell-20190416-sample-9_icephys.nwb
20190417_sample_10,UHZDZ-10,sub-mouse-UHZDZ_ses-20190417-sample-10_slice-20190417-slice-6_cell-20190417-sample-10_icephys,sub-mouse-UHZDZ_ses-20190417-sample-10_slice-20190417-slice-6_cell-20190417-sample-10_icephys.nwb
20190417_sample_2,UHZDZ-2,sub-mouse-UHZDZ_ses-20190417-sample-2_slice-20190417-slice-2_cell-20190417-sample-2_icephys,sub-mouse-UHZDZ_ses-20190417-sample-2_slice-20190417-slice-2_cell-20190417-sample-2_icephys.nwb
20190417_sample_3,UHZDZ-3,sub-mouse-UHZDZ_ses-20190417-sample-3_slice-20190417-slice-3_cell-20190417-sample-3_icephys,sub-mouse-UHZDZ_ses-20190417-sample-3_slice-20190417-slice-3_cell-20190417-sample-3_icephys.nwb
20190417_sample_4,UHZDZ-4,sub-mouse-UHZDZ_ses-20190417-sample-4_slice-20190417-slice-2_cell-20190417-sample-4_icephys,sub-mouse-UHZDZ_ses-20190417-sample-4_slice-20190417-slice-2_cell-20190417-sample-4_icephys.nwb
20190417_sample_5,UHZDZ-5,sub-mouse-UHZDZ_ses-20190417-sample-5_slice-20190417-slice-5_cell-20190417-sample-5_icephys,sub-mouse-UHZDZ_ses-20190417-sample-5_slice-20190417-slice-5_cell-20190417-sample-5_icephys.nwb
20190417_sample_9,UHZDZ-9,sub-mouse-UHZDZ_ses-20190417-sample-9_slice-20190417-slice-6_cell-20190417-sample-9_icephys,sub-mouse-UHZDZ_ses-20190417-sample-9_slice-20190417-slice-6_cell-20190417-sample-9_icephys.nwb
20190418_sample_10,HZREI-10,sub-mouse-HZREI_ses-20190418-sample-10_slice-20190418-slice-10_cell-20190418-sample-10_icephys,sub-mouse-HZREI_ses-20190418-sample-10_slice-20190418-slice-10_cell-20190418-sample-10_icephys.nwb
20190418_sample_2,HZREI-2,sub-mouse-HZREI_ses-20190418-sample-2_slice-20190418-slice-2_cell-20190418-sample-2_icephys,sub-mouse-HZREI_ses-20190418-sample-2_slice-20190418-slice-2_cell-20190418-sample-2_icephys.nwb
20190418_sample_4,HZREI-4,sub-mouse-HZREI_ses-20190418-sample-4_slice-20190418-slice-4_cell-20190418-sample-4_icephys,sub-mouse-HZREI_ses-20190418-sample-4_slice-20190418-slice-4_cell-20190418-sample-4_icephys.nwb
20190418_sample_5,HZREI-5,sub-mouse-HZREI_ses-20190418-sample-5_slice-20190418-slice-5_cell-20190418-sample-5_icephys,sub-mouse-HZREI_ses-20190418-sample-5_slice-20190418-slice-5_cell-20190418-sample-5_icephys.nwb
20190418_sample_7,HZREI-7,sub-mouse-HZREI_ses-20190418-sample-7_slice-20190418-slice-7_cell-20190418-sample-7_icephys,sub-mouse-HZREI_ses-20190418-sample-7_slice-20190418-slice-7_cell-20190418-sample-7_icephys.nwb
20190418_sample_8,HZREI-8,sub-mouse-HZREI_ses-20190418-sample-8_slice-20190418-slice-8_cell-20190418-sample-8_icephys,sub-mouse-HZREI_ses-20190418-sample-8_slice-20190418-slice-8_cell-20190418-sample-8_icephys.nwb
20190418_sample_9,HZREI-9,sub-mouse-HZREI_ses-20190418-sample-9_slice-20190418-slice-9_cell-20190418-sample-9_icephys,sub-mouse-HZREI_ses-20190418-sample-9_slice-20190418-slice-9_cell-20190418-sample-9_icephys.nwb
20190422_sample_1,DVQIA-1,sub-mouse-DVQIA_ses-20190422-sample-1_slice-20190422-slice-1_cell-20190422-sample-1_icephys,sub-mouse-DVQIA_ses-20190422-sample-1_slice-20190422-slice-1_cell-20190422-sample-1_icephys.nwb
20190422_sample_10,DVQIA-10,sub-mouse-DVQIA_ses-20190422-sample-10_slice-20190422-slice-10_cell-20190422-sample-10_icephys,sub-mouse-DVQIA_ses-20190422-sample-10_slice-20190422-slice-10_cell-20190422-sample-10_icephys.nwb
20190422_sample_4,DVQIA-4,sub-mouse-DVQIA_ses-20190422-sample-4_slice-20190422-slice-4_cell-20190422-sample-4_icephys,sub-mouse-DVQIA_ses-20190422-sample-4_slice-20190422-slice-4_cell-20190422-sample-4_icephys.nwb
20190422_sample_5,DVQIA-5,sub-mouse-DVQIA_ses-20190422-sample-5_slice-20190422-slice-5_cell-20190422-sample-5_icephys,sub-mouse-DVQIA_ses-20190422-sample-5_slice-20190422-slice-5_cell-20190422-sample-5_icephys.nwb
20190422_sample_6,DVQIA-6,sub-mouse-DVQIA_ses-20190422-sample-6_slice-20190422-slice-6_cell-20190422-sample-6_icephys,sub-mouse-DVQIA_ses-20190422-sample-6_slice-20190422-slice-6_cell-20190422-sample-6_icephys.nwb
20190422_sample_7,DVQIA-7,sub-mouse-DVQIA_ses-20190422-sample-7_slice-20190422-slice-7_cell-20190422-sample-7_icephys,sub-mouse-DVQIA_ses-20190422-sample-7_slice-20190422-slice-7_cell-20190422-sample-7_icephys.nwb
20190422_sample_8,DVQIA-8,sub-mouse-DVQIA_ses-20190422-sample-8_slice-20190422-slice-8_cell-20190422-sample-8_icephys,sub-mouse-DVQIA_ses-20190422-sample-8_slice-20190422-slice-8_cell-20190422-sample-8_icephys.nwb
20190423_sample_1,UTMPM-1,sub-mouse-UTMPM_ses-20190423-sample-1_slice-20190423-slice-1_cell-20190423-sample-1_icephys,sub-mouse-UTMPM_ses-20190423-sample-1_slice-20190423-slice-1_cell-20190423-sample-1_icephys.nwb
20190423_sample_10,UTMPM-10,sub-mouse-UTMPM_ses-20190423-sample-10_slice-20190423-slice-8_cell-20190423-sample-10_icephys,sub-mouse-UTMPM_ses-20190423-sample-10_slice-20190423-slice-8_cell-20190423-sample-10_icephys.nwb
20190423_sample_3,UTMPM-3,sub-mouse-UTMPM_ses-20190423-sample-3_slice-20190423-slice-3_cell-20190423-sample-3_icephys,sub-mouse-UTMPM_ses-20190423-sample-3_slice-20190423-slice-3_cell-20190423-sample-3_icephys.nwb
20190423_sample_5,UTMPM-5,sub-mouse-UTMPM_ses-20190423-sample-5_slice-20190423-slice-5_cell-20190423-sample-5_icephys,sub-mouse-UTMPM_ses-20190423-sample-5_slice-20190423-slice-5_cell-20190423-sample-5_icephys.nwb
20190423_sample_7,UTMPM-7,sub-mouse-UTMPM_ses-20190423-sample-7_slice-20190423-slice-7_cell-20190423-sample-7_icephys,sub-mouse-UTMPM_ses-20190423-sample-7_slice-20190423-slice-7_cell-20190423-sample-7_icephys.nwb
20190423_sample_8,UTMPM-8,sub-mouse-UTMPM_ses-20190423-sample-8_slice-20190423-slice-6_cell-20190423-sample-8_icephys,sub-mouse-UTMPM_ses-20190423-sample-8_slice-20190423-slice-6_cell-20190423-sample-8_icephys.nwb
20190424_sample_1,NCFRS-1,sub-mouse-NCFRS_ses-20190424-sample-1_slice-20190424-slice-1_cell-20190424-sample-1_icephys,sub-mouse-NCFRS_ses-20190424-sample-1_slice-20190424-slice-1_cell-20190424-sample-1_icephys.nwb
20190424_sample_2,NCFRS-2,sub-mouse-NCFRS_ses-20190424-sample-2_slice-20190424-slice-2_cell-20190424-sample-2_icephys,sub-mouse-NCFRS_ses-20190424-sample-2_slice-20190424-slice-2_cell-20190424-sample-2_icephys.nwb
20190424_sample_3,NCFRS-3,sub-mouse-NCFRS_ses-20190424-sample-3_slice-20190424-slice-3_cell-20190424-sample-3_icephys,sub-mouse-NCFRS_ses-20190424-sample-3_slice-20190424-slice-3_cell-20190424-sample-3_icephys.nwb
20190424_sample_4,NCFRS-4,sub-mouse-NCFRS_ses-20190424-sample-4_slice-20190424-slice-4_cell-20190424-sample-4_icephys,sub-mouse-NCFRS_ses-20190424-sample-4_slice-20190424-slice-4_cell-20190424-sample-4_icephys.nwb
20190424_sample_5,NCFRS-5,sub-mouse-NCFRS_ses-20190424-sample-5_slice-20190424-slice-5_cell-20190424-sample-5_icephys,sub-mouse-NCFRS_ses-20190424-sample-5_slice-20190424-slice-5_cell-20190424-sample-5_icephys.nwb
20190424_sample_6,NCFRS-6,sub-mouse-NCFRS_ses-20190424-sample-6_slice-20190424-slice-6_cell-20190424-sample-6_icephys,sub-mouse-NCFRS_ses-20190424-sample-6_slice-20190424-slice-6_cell-20190424-sample-6_icephys.nwb
20190424_sample_7,NCFRS-7,sub-mouse-NCFRS_ses-20190424-sample-7_slice-20190424-slice-7_cell-20190424-sample-7_icephys,sub-mouse-NCFRS_ses-20190424-sample-7_slice-20190424-slice-7_cell-20190424-sample-7_icephys.nwb
20190425_sample_1,EOYBJ-1,sub-mouse-EOYBJ_ses-20190425-sample-1_slice-20190425-slice-1_cell-20190425-sample-1_icephys,sub-mouse-EOYBJ_ses-20190425-sample-1_slice-20190425-slice-1_cell-20190425-sample-1_icephys.nwb
20190425_sample_12,XRMEW-12,sub-mouse-XRMEW_ses-20190425-sample-12_slice-20190425-slice-12_cell-20190425-sample-12_icephys,sub-mouse-XRMEW_ses-20190425-sample-12_slice-20190425-slice-12_cell-20190425-sample-12_icephys.nwb
20190425_sample_13,XRMEW-13,sub-mouse-XRMEW_ses-20190425-sample-13_slice-20190425-slice-13_cell-20190425-sample-13_icephys,sub-mouse-XRMEW_ses-20190425-sample-13_slice-20190425-slice-13_cell-20190425-sample-13_icephys.nwb
20190425_sample_14,XRMEW-14,sub-mouse-XRMEW_ses-20190425-sample-14_slice-20190425-slice-14_cell-20190425-sample-14_icephys,sub-mouse-XRMEW_ses-20190425-sample-14_slice-20190425-slice-14_cell-20190425-sample-14_icephys.nwb
20190425_sample_16,XRMEW-16,sub-mouse-XRMEW_ses-20190425-sample-16_slice-20190425-slice-16_cell-20190425-sample-16_icephys,sub-mouse-XRMEW_ses-20190425-sample-16_slice-20190425-slice-16_cell-20190425-sample-16_icephys.nwb
20190425_sample_4,EOYBJ-4,sub-mouse-EOYBJ_ses-20190425-sample-4_slice-20190425-slice-4_cell-20190425-sample-4_icephys,sub-mouse-EOYBJ_ses-20190425-sample-4_slice-20190425-slice-4_cell-20190425-sample-4_icephys.nwb
20190425_sample_6,EOYBJ-6,sub-mouse-EOYBJ_ses-20190425-sample-6_slice-20190425-slice-6_cell-20190425-sample-6_icephys,sub-mouse-EOYBJ_ses-20190425-sample-6_slice-20190425-slice-6_cell-20190425-sample-6_icephys.nwb
20190425_sample_7,EOYBJ-7,sub-mouse-EOYBJ_ses-20190425-sample-7_slice-20190425-slice-7_cell-20190425-sample-7_icephys,sub-mouse-EOYBJ_ses-20190425-sample-7_slice-20190425-slice-7_cell-20190425-sample-7_icephys.nwb
20190425_sample_8,EOYBJ-8,sub-mouse-EOYBJ_ses-20190425-sample-8_slice-20190425-slice-8_cell-20190425-sample-8_icephys,sub-mouse-EOYBJ_ses-20190425-sample-8_slice-20190425-slice-8_cell-20190425-sample-8_icephys.nwb
20190425_sample_9,XRMEW-9,sub-mouse-XRMEW_ses-20190425-sample-9_slice-20190425-slice-9_cell-20190425-sample-9_icephys,sub-mouse-XRMEW_ses-20190425-sample-9_slice-20190425-slice-9_cell-20190425-sample-9_icephys.nwb
20190429_sample_1,XAVAR-1,sub-mouse-XAVAR_ses-20190429-sample-1_slice-20190429-slice-1_cell-20190429-sample-1_icephys,sub-mouse-XAVAR_ses-20190429-sample-1_slice-20190429-slice-1_cell-20190429-sample-1_icephys.nwb
20190429_sample_4,XAVAR-4,sub-mouse-XAVAR_ses-20190429-sample-4_slice-20190429-slice-4_cell-20190429-sample-4_icephys,sub-mouse-XAVAR_ses-20190429-sample-4_slice-20190429-slice-4_cell-20190429-sample-4_icephys.nwb
20190429_sample_5,XAVAR-5,sub-mouse-XAVAR_ses-20190429-sample-5_slice-20190429-slice-5_cell-20190429-sample-5_icephys,sub-mouse-XAVAR_ses-20190429-sample-5_slice-20190429-slice-5_cell-20190429-sample-5_icephys.nwb
20190429_sample_6,XAVAR-6,sub-mouse-XAVAR_ses-20190429-sample-6_slice-20190429-slice-6_cell-20190429-sample-6_icephys,sub-mouse-XAVAR_ses-20190429-sample-6_slice-20190429-slice-6_cell-20190429-sample-6_icephys.nwb
20190429_sample_7,XAVAR-7,sub-mouse-XAVAR_ses-20190429-sample-7_slice-20190429-slice-7_cell-20190429-sample-7_icephys,sub-mouse-XAVAR_ses-20190429-sample-7_slice-20190429-slice-7_cell-20190429-sample-7_icephys.nwb
20190430_sample_1,OQKUZ-1,sub-mouse-OQKUZ_ses-20190430-sample-1_slice-20190430-slice-1_cell-20190430-sample-1_icephys,sub-mouse-OQKUZ_ses-20190430-sample-1_slice-20190430-slice-1_cell-20190430-sample-1_icephys.nwb
20190430_sample_10,OQKUZ-10,sub-mouse-OQKUZ_ses-20190430-sample-10_slice-20190430-slice-10_cell-20190430-sample-10_icephys,sub-mouse-OQKUZ_ses-20190430-sample-10_slice-20190430-slice-10_cell-20190430-sample-10_icephys.nwb
20190430_sample_3,OQKUZ-3,sub-mouse-OQKUZ_ses-20190430-sample-3_slice-20190430-slice-3_cell-20190430-sample-3_icephys,sub-mouse-OQKUZ_ses-20190430-sample-3_slice-20190430-slice-3_cell-20190430-sample-3_icephys.nwb
20190430_sample_4,OQKUZ-4,sub-mouse-OQKUZ_ses-20190430-sample-4_slice-20190430-slice-4_cell-20190430-sample-4_icephys,sub-mouse-OQKUZ_ses-20190430-sample-4_slice-20190430-slice-4_cell-20190430-sample-4_icephys.nwb
20190430_sample_5,OQKUZ-5,sub-mouse-OQKUZ_ses-20190430-sample-5_slice-20190430-slice-5_cell-20190430-sample-5_icephys,sub-mouse-OQKUZ_ses-20190430-sample-5_slice-20190430-slice-5_cell-20190430-sample-5_icephys.nwb
20190430_sample_6,OQKUZ-6,sub-mouse-OQKUZ_ses-20190430-sample-6_slice-20190430-slice-6_cell-20190430-sample-6_icephys,sub-mouse-OQKUZ_ses-20190430-sample-6_slice-20190430-slice-6_cell-20190430-sample-6_icephys.nwb
20190430_sample_7,OQKUZ-7,sub-mouse-OQKUZ_ses-20190430-sample-7_slice-20190430-slice-7_cell-20190430-sample-7_icephys,sub-mouse-OQKUZ_ses-20190430-sample-7_slice-20190430-slice-7_cell-20190430-sample-7_icephys.nwb
20190430_sample_8,OQKUZ-8,sub-mouse-OQKUZ_ses-20190430-sample-8_slice-20190430-slice-8_cell-20190430-sample-8_icephys,sub-mouse-OQKUZ_ses-20190430-sample-8_slice-20190430-slice-8_cell-20190430-sample-8_icephys.nwb
20190430_sample_9,OQKUZ-9,sub-mouse-OQKUZ_ses-20190430-sample-9_slice-20190430-slice-9_cell-20190430-sample-9_icephys,sub-mouse-OQKUZ_ses-20190430-sample-9_slice-20190430-slice-9_cell-20190430-sample-9_icephys.nwb
20190501_sample_1,YVQMA-1,sub-mouse-YVQMA_ses-20190501-sample-1_slice-20190501-slice-1_cell-20190501-sample-1_icephys,sub-mouse-YVQMA_ses-20190501-sample-1_slice-20190501-slice-1_cell-20190501-sample-1_icephys.nwb
20190501_sample_11,BICAU-11,sub-mouse-BICAU_ses-20190501-sample-11_slice-20190501-slice-11_cell-20190501-sample-11_icephys,sub-mouse-BICAU_ses-20190501-sample-11_slice-20190501-slice-11_cell-20190501-sample-11_icephys.nwb
20190501_sample_12,BICAU-12,sub-mouse-BICAU_ses-20190501-sample-12_slice-20190501-slice-12_cell-20190501-sample-12_icephys,sub-mouse-BICAU_ses-20190501-sample-12_slice-20190501-slice-12_cell-20190501-sample-12_icephys.nwb
20190501_sample_14,BICAU-14,sub-mouse-BICAU_ses-20190501-sample-14_slice-20190501-slice-14_cell-20190501-sample-14_icephys,sub-mouse-BICAU_ses-20190501-sample-14_slice-20190501-slice-14_cell-20190501-sample-14_icephys.nwb
20190501_sample_3,YVQMA-3,sub-mouse-YVQMA_ses-20190501-sample-3_slice-20190501-slice-3_cell-20190501-sample-3_icephys,sub-mouse-YVQMA_ses-20190501-sample-3_slice-20190501-slice-3_cell-20190501-sample-3_icephys.nwb
20190501_sample_4,YVQMA-4,sub-mouse-YVQMA_ses-20190501-sample-4_slice-20190501-slice-4_cell-20190501-sample-4_icephys,sub-mouse-YVQMA_ses-20190501-sample-4_slice-20190501-slice-4_cell-20190501-sample-4_icephys.nwb
20190501_sample_5,YVQMA-5,sub-mouse-YVQMA_ses-20190501-sample-5_slice-20190501-slice-5_cell-20190501-sample-5_icephys,sub-mouse-YVQMA_ses-20190501-sample-5_slice-20190501-slice-5_cell-20190501-sample-5_icephys.nwb
20190501_sample_6,YVQMA-6,sub-mouse-YVQMA_ses-20190501-sample-6_slice-20190501-slice-6_cell-20190501-sample-6_icephys,sub-mouse-YVQMA_ses-20190501-sample-6_slice-20190501-slice-6_cell-20190501-sample-6_icephys.nwb
20190501_sample_7,BICAU-7,sub-mouse-BICAU_ses-20190501-sample-7_slice-20190501-slice-7_cell-20190501-sample-7_icephys,sub-mouse-BICAU_ses-20190501-sample-7_slice-20190501-slice-7_cell-20190501-sample-7_icephys.nwb
20190501_sample_8,YVQMA-8,sub-mouse-YVQMA_ses-20190501-sample-8_slice-20190501-slice-8_cell-20190501-sample-8_icephys,sub-mouse-YVQMA_ses-20190501-sample-8_slice-20190501-slice-8_cell-20190501-sample-8_icephys.nwb
20190501_sample_9,BICAU-9,sub-mouse-BICAU_ses-20190501-sample-9_slice-20190501-slice-9_cell-20190501-sample-9_icephys,sub-mouse-BICAU_ses-20190501-sample-9_slice-20190501-slice-9_cell-20190501-sample-9_icephys.nwb
20190503_sample_1,PWFQE-1,sub-mouse-PWFQE_ses-20190503-sample-1_slice-20190503-slice-1_cell-20190503-sample-1_icephys,sub-mouse-PWFQE_ses-20190503-sample-1_slice-20190503-slice-1_cell-20190503-sample-1_icephys.nwb
20190503_sample_3,PWFQE-3,sub-mouse-PWFQE_ses-20190503-sample-3_slice-20190503-slice-3_cell-20190503-sample-3_icephys,sub-mouse-PWFQE_ses-20190503-sample-3_slice-20190503-slice-3_cell-20190503-sample-3_icephys.nwb
20190506_sample_1,EFCUW-1,sub-mouse-EFCUW_ses-20190506-sample-1_slice-20190506-slice-1_cell-20190506-sample-1_icephys,sub-mouse-EFCUW_ses-20190506-sample-1_slice-20190506-slice-1_cell-20190506-sample-1_icephys.nwb
20190506_sample_2,EFCUW-2,sub-mouse-EFCUW_ses-20190506-sample-2_slice-20190506-slice-2_cell-20190506-sample-2_icephys,sub-mouse-EFCUW_ses-20190506-sample-2_slice-20190506-slice-2_cell-20190506-sample-2_icephys.nwb
20190506_sample_3,EFCUW-3,sub-mouse-EFCUW_ses-20190506-sample-3_slice-20190506-slice-3_cell-20190506-sample-3_icephys,sub-mouse-EFCUW_ses-20190506-sample-3_slice-20190506-slice-3_cell-20190506-sample-3_icephys.nwb
20190506_sample_4,EFCUW-4,sub-mouse-EFCUW_ses-20190506-sample-4_slice-20190506-slice-4_cell-20190506-sample-4_icephys,sub-mouse-EFCUW_ses-20190506-sample-4_slice-20190506-slice-4_cell-20190506-sample-4_icephys.nwb
20190506_sample_5,EFCUW-5,sub-mouse-EFCUW_ses-20190506-sample-5_slice-20190506-slice-5_cell-20190506-sample-5_icephys,sub-mouse-EFCUW_ses-20190506-sample-5_slice-20190506-slice-5_cell-20190506-sample-5_icephys.nwb
20190506_sample_6,EFCUW-6,sub-mouse-EFCUW_ses-20190506-sample-6_slice-20190506-slice-6_cell-20190506-sample-6_icephys,sub-mouse-EFCUW_ses-20190506-sample-6_slice-20190506-slice-6_cell-20190506-sample-6_icephys.nwb
20190506_sample_7,EFCUW-7,sub-mouse-EFCUW_ses-20190506-sample-7_slice-20190506-slice-7_cell-20190506-sample-7_icephys,sub-mouse-EFCUW_ses-20190506-sample-7_slice-20190506-slice-7_cell-20190506-sample-7_icephys.nwb
20190507_sample_2,EUEJJ-2,sub-mouse-EUEJJ_ses-20190507-sample-2_slice-20190507-slice-2_cell-20190507-sample-2_icephys,sub-mouse-EUEJJ_ses-20190507-sample-2_slice-20190507-slice-2_cell-20190507-sample-2_icephys.nwb
20190507_sample_3,EUEJJ-3,sub-mouse-EUEJJ_ses-20190507-sample-3_slice-20190507-slice-3_cell-20190507-sample-3_icephys,sub-mouse-EUEJJ_ses-20190507-sample-3_slice-20190507-slice-3_cell-20190507-sample-3_icephys.nwb
20190507_sample_4,EUEJJ-4,sub-mouse-EUEJJ_ses-20190507-sample-4_slice-20190507-slice-4_cell-20190507-sample-4_icephys,sub-mouse-EUEJJ_ses-20190507-sample-4_slice-20190507-slice-4_cell-20190507-sample-4_icephys.nwb
20190507_sample_5,EUEJJ-5,sub-mouse-EUEJJ_ses-20190507-sample-5_slice-20190507-slice-5_cell-20190507-sample-5_icephys,sub-mouse-EUEJJ_ses-20190507-sample-5_slice-20190507-slice-5_cell-20190507-sample-5_icephys.nwb
20190507_sample_6,EUEJJ-6,sub-mouse-EUEJJ_ses-20190507-sample-6_slice-20190507-slice-6_cell-20190507-sample-6_icephys,sub-mouse-EUEJJ_ses-20190507-sample-6_slice-20190507-slice-6_cell-20190507-sample-6_icephys.nwb
20190508_sample_1,SQUNI-1,sub-mouse-SQUNI_ses-20190508-sample-1_slice-20190508-slice-1_cell-20190508-sample-1_icephys,sub-mouse-SQUNI_ses-20190508-sample-1_slice-20190508-slice-1_cell-20190508-sample-1_icephys.nwb
20190508_sample_2,SQUNI-2,sub-mouse-SQUNI_ses-20190508-sample-2_slice-20190508-slice-2_cell-20190508-sample-2_icephys,sub-mouse-SQUNI_ses-20190508-sample-2_slice-20190508-slice-2_cell-20190508-sample-2_icephys.nwb
20190508_sample_3,SQUNI-3,sub-mouse-SQUNI_ses-20190508-sample-3_slice-20190508-slice-3_cell-20190508-sample-3_icephys,sub-mouse-SQUNI_ses-20190508-sample-3_slice-20190508-slice-3_cell-20190508-sample-3_icephys.nwb
20190508_sample_4,SQUNI-4,sub-mouse-SQUNI_ses-20190508-sample-4_slice-20190508-slice-4_cell-20190508-sample-4_icephys,sub-mouse-SQUNI_ses-20190508-sample-4_slice-20190508-slice-4_cell-20190508-sample-4_icephys.nwb
20190508_sample_5,SQUNI-5,sub-mouse-SQUNI_ses-20190508-sample-5_slice-20190508-slice-5_cell-20190508-sample-5_icephys,sub-mouse-SQUNI_ses-20190508-sample-5_slice-20190508-slice-5_cell-20190508-sample-5_icephys.nwb
20190508_sample_6,SQUNI-6,sub-mouse-SQUNI_ses-20190508-sample-6_slice-20190508-slice-6_cell-20190508-sample-6_icephys,sub-mouse-SQUNI_ses-20190508-sample-6_slice-20190508-slice-6_cell-20190508-sample-6_icephys.nwb
20190508_sample_7,SQUNI-7,sub-mouse-SQUNI_ses-20190508-sample-7_slice-20190508-slice-7_cell-20190508-sample-7_icephys,sub-mouse-SQUNI_ses-20190508-sample-7_slice-20190508-slice-7_cell-20190508-sample-7_icephys.nwb
20190509_sample_2,NASMM-2,sub-mouse-NASMM_ses-20190509-sample-2_slice-20190509-slice-2_cell-20190509-sample-2_icephys,sub-mouse-NASMM_ses-20190509-sample-2_slice-20190509-slice-2_cell-20190509-sample-2_icephys.nwb
20190509_sample_3,NASMM-3,sub-mouse-NASMM_ses-20190509-sample-3_slice-20190509-slice-3_cell-20190509-sample-3_icephys,sub-mouse-NASMM_ses-20190509-sample-3_slice-20190509-slice-3_cell-20190509-sample-3_icephys.nwb
20190509_sample_4,NASMM-4,sub-mouse-NASMM_ses-20190509-sample-4_slice-20190509-slice-4_cell-20190509-sample-4_icephys,sub-mouse-NASMM_ses-20190509-sample-4_slice-20190509-slice-4_cell-20190509-sample-4_icephys.nwb
20190509_sample_5,NASMM-5,sub-mouse-NASMM_ses-20190509-sample-5_slice-20190509-slice-5_cell-20190509-sample-5_icephys,sub-mouse-NASMM_ses-20190509-sample-5_slice-20190509-slice-5_cell-20190509-sample-5_icephys.nwb
20190509_sample_9,DAQHB-9,sub-mouse-DAQHB_ses-20190509-sample-9_slice-20190509-slice-9_cell-20190509-sample-9_icephys,sub-mouse-DAQHB_ses-20190509-sample-9_slice-20190509-slice-9_cell-20190509-sample-9_icephys.nwb
20190513_sample_1,HGZZB-1,sub-mouse-HGZZB_ses-20190513-sample-1_slice-20190513-slice-1_cell-20190513-sample-1_icephys,sub-mouse-HGZZB_ses-20190513-sample-1_slice-20190513-slice-1_cell-20190513-sample-1_icephys.nwb
20190513_sample_2,HGZZB-2,sub-mouse-HGZZB_ses-20190513-sample-2_slice-20190513-slice-2_cell-20190513-sample-2_icephys,sub-mouse-HGZZB_ses-20190513-sample-2_slice-20190513-slice-2_cell-20190513-sample-2_icephys.nwb
20190513_sample_3,HGZZB-3,sub-mouse-HGZZB_ses-20190513-sample-3_slice-20190513-slice-3_cell-20190513-sample-3_icephys,sub-mouse-HGZZB_ses-20190513-sample-3_slice-20190513-slice-3_cell-20190513-sample-3_icephys.nwb
20190513_sample_4,HGZZB-4,sub-mouse-HGZZB_ses-20190513-sample-4_slice-20190513-slice-4_cell-20190513-sample-4_icephys,sub-mouse-HGZZB_ses-20190513-sample-4_slice-20190513-slice-4_cell-20190513-sample-4_icephys.nwb
20190513_sample_5,HGZZB-5,sub-mouse-HGZZB_ses-20190513-sample-5_slice-20190513-slice-5_cell-20190513-sample-5_icephys,sub-mouse-HGZZB_ses-20190513-sample-5_slice-20190513-slice-5_cell-20190513-sample-5_icephys.nwb
20190514_sample_2,VVCRL-2,sub-mouse-VVCRL_ses-20190514-sample-2_slice-20190514-slice-2_cell-20190514-sample-2_icephys,sub-mouse-VVCRL_ses-20190514-sample-2_slice-20190514-slice-2_cell-20190514-sample-2_icephys.nwb
20190514_sample_4,VVCRL-4,sub-mouse-VVCRL_ses-20190514-sample-4_slice-20190514-slice-4_cell-20190514-sample-4_icephys,sub-mouse-VVCRL_ses-20190514-sample-4_slice-20190514-slice-4_cell-20190514-sample-4_icephys.nwb
20190514_sample_7,VVCRL-7,sub-mouse-VVCRL_ses-20190514-sample-7_slice-20190514-slice-7_cell-20190514-sample-7_icephys,sub-mouse-VVCRL_ses-20190514-sample-7_slice-20190514-slice-7_cell-20190514-sample-7_icephys.nwb
20190514_sample_8,VVCRL-8,sub-mouse-VVCRL_ses-20190514-sample-8_slice-20190514-slice-8_cell-20190514-sample-8_icephys,sub-mouse-VVCRL_ses-20190514-sample-8_slice-20190514-slice-8_cell-20190514-sample-8_icephys.nwb
20190515_sample_1,AVLEY-1,sub-mouse-AVLEY_ses-20190515-sample-1_slice-20190515-slice-1_cell-20190515-sample-1_icephys,sub-mouse-AVLEY_ses-20190515-sample-1_slice-20190515-slice-1_cell-20190515-sample-1_icephys.nwb
20190515_sample_10,QPOWO-10,sub-mouse-QPOWO_ses-20190515-sample-10_slice-20190515-slice-10_cell-20190515-sample-10_icephys,sub-mouse-QPOWO_ses-20190515-sample-10_slice-20190515-slice-10_cell-20190515-sample-10_icephys.nwb
20190515_sample_11,QPOWO-11,sub-mouse-QPOWO_ses-20190515-sample-11_slice-20190515-slice-11_cell-20190515-sample-11_icephys,sub-mouse-QPOWO_ses-20190515-sample-11_slice-20190515-slice-11_cell-20190515-sample-11_icephys.nwb
20190515_sample_12,QPOWO-12,sub-mouse-QPOWO_ses-20190515-sample-12_slice-20190515-slice-12_cell-20190515-sample-12_icephys,sub-mouse-QPOWO_ses-20190515-sample-12_slice-20190515-slice-12_cell-20190515-sample-12_icephys.nwb
20190515_sample_13,QPOWO-13,sub-mouse-QPOWO_ses-20190515-sample-13_slice-20190515-slice-13_cell-20190515-sample-13_icephys,sub-mouse-QPOWO_ses-20190515-sample-13_slice-20190515-slice-13_cell-20190515-sample-13_icephys.nwb
20190515_sample_14,QPOWO-14,sub-mouse-QPOWO_ses-20190515-sample-14_slice-20190515-slice-14_cell-20190515-sample-14_icephys,sub-mouse-QPOWO_ses-20190515-sample-14_slice-20190515-slice-14_cell-20190515-sample-14_icephys.nwb
20190515_sample_15,QPOWO-15,sub-mouse-QPOWO_ses-20190515-sample-15_slice-20190515-slice-15_cell-20190515-sample-15_icephys,sub-mouse-QPOWO_ses-20190515-sample-15_slice-20190515-slice-15_cell-20190515-sample-15_icephys.nwb
20190515_sample_2,AVLEY-2,sub-mouse-AVLEY_ses-20190515-sample-2_slice-20190515-slice-2_cell-20190515-sample-2_icephys,sub-mouse-AVLEY_ses-20190515-sample-2_slice-20190515-slice-2_cell-20190515-sample-2_icephys.nwb
20190515_sample_3,AVLEY-3,sub-mouse-AVLEY_ses-20190515-sample-3_slice-20190515-slice-3_cell-20190515-sample-3_icephys,sub-mouse-AVLEY_ses-20190515-sample-3_slice-20190515-slice-3_cell-20190515-sample-3_icephys.nwb
20190515_sample_4,AVLEY-4,sub-mouse-AVLEY_ses-20190515-sample-4_slice-20190515-slice-4_cell-20190515-sample-4_icephys,sub-mouse-AVLEY_ses-20190515-sample-4_slice-20190515-slice-4_cell-20190515-sample-4_icephys.nwb
20190515_sample_5,AVLEY-5,sub-mouse-AVLEY_ses-20190515-sample-5_slice-20190515-slice-5_cell-20190515-sample-5_icephys,sub-mouse-AVLEY_ses-20190515-sample-5_slice-20190515-slice-5_cell-20190515-sample-5_icephys.nwb
20190515_sample_6,AVLEY-6,sub-mouse-AVLEY_ses-20190515-sample-6_slice-20190515-slice-6_cell-20190515-sample-6_icephys,sub-mouse-AVLEY_ses-20190515-sample-6_slice-20190515-slice-6_cell-20190515-sample-6_icephys.nwb
20190515_sample_7,AVLEY-7,sub-mouse-AVLEY_ses-20190515-sample-7_slice-20190515-slice-7_cell-20190515-sample-7_icephys,sub-mouse-AVLEY_ses-20190515-sample-7_slice-20190515-slice-7_cell-20190515-sample-7_icephys.nwb
20190515_sample_8,AVLEY-8,sub-mouse-AVLEY_ses-20190515-sample-8_slice-20190515-slice-8_cell-20190515-sample-8_icephys,sub-mouse-AVLEY_ses-20190515-sample-8_slice-20190515-slice-8_cell-20190515-sample-8_icephys.nwb
20190515_sample_9,AVLEY-9,sub-mouse-AVLEY_ses-20190515-sample-9_slice-20190515-slice-9_cell-20190515-sample-9_icephys,sub-mouse-AVLEY_ses-20190515-sample-9_slice-20190515-slice-9_cell-20190515-sample-9_icephys.nwb
20190516_sample_2,EUNBK-2,sub-mouse-EUNBK_ses-20190516-sample-2_slice-20190516-slice-2_cell-20190516-sample-2_icephys,sub-mouse-EUNBK_ses-20190516-sample-2_slice-20190516-slice-2_cell-20190516-sample-2_icephys.nwb
20190516_sample_3,EUNBK-3,sub-mouse-EUNBK_ses-20190516-sample-3_slice-20190516-slice-3_cell-20190516-sample-3_icephys,sub-mouse-EUNBK_ses-20190516-sample-3_slice-20190516-slice-3_cell-20190516-sample-3_icephys.nwb
20190516_sample_4,EUNBK-4,sub-mouse-EUNBK_ses-20190516-sample-4_slice-20190516-slice-4_cell-20190516-sample-4_icephys,sub-mouse-EUNBK_ses-20190516-sample-4_slice-20190516-slice-4_cell-20190516-sample-4_icephys.nwb
20190516_sample_5,EUNBK-5,sub-mouse-EUNBK_ses-20190516-sample-5_slice-20190516-slice-5_cell-20190516-sample-5_icephys,sub-mouse-EUNBK_ses-20190516-sample-5_slice-20190516-slice-5_cell-20190516-sample-5_icephys.nwb
20190516_sample_6,EUNBK-6,sub-mouse-EUNBK_ses-20190516-sample-6_slice-20190516-slice-6_cell-20190516-sample-6_icephys,sub-mouse-EUNBK_ses-20190516-sample-6_slice-20190516-slice-6_cell-20190516-sample-6_icephys.nwb
20190522_sample_1,SGFBF-1,sub-mouse-SGFBF_ses-20190522-sample-1_slice-20190522-slice-1_cell-20190522-sample-1_icephys,sub-mouse-SGFBF_ses-20190522-sample-1_slice-20190522-slice-1_cell-20190522-sample-1_icephys.nwb
20190528_sample_2,RBROS-2,sub-mouse-RBROS_ses-20190528-sample-2_slice-20190528-slice-2_cell-20190528-sample-2_icephys,sub-mouse-RBROS_ses-20190528-sample-2_slice-20190528-slice-2_cell-20190528-sample-2_icephys.nwb
20190528_sample_4,RBROS-4,sub-mouse-RBROS_ses-20190528-sample-4_slice-20190528-slice-4_cell-20190528-sample-4_icephys,sub-mouse-RBROS_ses-20190528-sample-4_slice-20190528-slice-4_cell-20190528-sample-4_icephys.nwb
20190528_sample_6,RBROS-6,sub-mouse-RBROS_ses-20190528-sample-6_slice-20190528-slice-6_cell-20190528-sample-6_icephys,sub-mouse-RBROS_ses-20190528-sample-6_slice-20190528-slice-6_cell-20190528-sample-6_icephys.nwb
20190528_sample_7,RBROS-7,sub-mouse-RBROS_ses-20190528-sample-7_slice-20190528-slice-7_cell-20190528-sample-7_icephys,sub-mouse-RBROS_ses-20190528-sample-7_slice-20190528-slice-7_cell-20190528-sample-7_icephys.nwb
20190528_sample_8,RBROS-8,sub-mouse-RBROS_ses-20190528-sample-8_slice-20190528-slice-8_cell-20190528-sample-8_icephys,sub-mouse-RBROS_ses-20190528-sample-8_slice-20190528-slice-8_cell-20190528-sample-8_icephys.nwb
20190528_sample_9,RBROS-9,sub-mouse-RBROS_ses-20190528-sample-9_slice-20190528-slice-9_cell-20190528-sample-9_icephys,sub-mouse-RBROS_ses-20190528-sample-9_slice-20190528-slice-9_cell-20190528-sample-9_icephys.nwb
20190529_sample_2,BTYFA-2,sub-mouse-BTYFA_ses-20190529-sample-2_slice-20190529-slice-2_cell-20190529-sample-2_icephys,sub-mouse-BTYFA_ses-20190529-sample-2_slice-20190529-slice-2_cell-20190529-sample-2_icephys.nwb
20190529_sample_3,BTYFA-3,sub-mouse-BTYFA_ses-20190529-sample-3_slice-20190529-slice-3_cell-20190529-sample-3_icephys,sub-mouse-BTYFA_ses-20190529-sample-3_slice-20190529-slice-3_cell-20190529-sample-3_icephys.nwb
20190529_sample_6,BTYFA-6,sub-mouse-BTYFA_ses-20190529-sample-6_slice-20190529-slice-6_cell-20190529-sample-6_icephys,sub-mouse-BTYFA_ses-20190529-sample-6_slice-20190529-slice-6_cell-20190529-sample-6_icephys.nwb
20190603_sample_1,XOWJS-1,sub-mouse-XOWJS_ses-20190603-sample-1_slice-20190603-slice-1_cell-20190603-sample-1_icephys,sub-mouse-XOWJS_ses-20190603-sample-1_slice-20190603-slice-1_cell-20190603-sample-1_icephys.nwb
20190603_sample_10,QEDJX-10,sub-mouse-QEDJX_ses-20190603-sample-10_slice-20190603-slice-10_cell-20190603-sample-10_icephys,sub-mouse-QEDJX_ses-20190603-sample-10_slice-20190603-slice-10_cell-20190603-sample-10_icephys.nwb
20190603_sample_2,XOWJS-2,sub-mouse-XOWJS_ses-20190603-sample-2_slice-20190603-slice-2_cell-20190603-sample-2_icephys,sub-mouse-XOWJS_ses-20190603-sample-2_slice-20190603-slice-2_cell-20190603-sample-2_icephys.nwb
20190603_sample_3,XOWJS-3,sub-mouse-XOWJS_ses-20190603-sample-3_slice-20190603-slice-3_cell-20190603-sample-3_icephys,sub-mouse-XOWJS_ses-20190603-sample-3_slice-20190603-slice-3_cell-20190603-sample-3_icephys.nwb
20190603_sample_4,XOWJS-4,sub-mouse-XOWJS_ses-20190603-sample-4_slice-20190603-slice-4_cell-20190603-sample-4_icephys,sub-mouse-XOWJS_ses-20190603-sample-4_slice-20190603-slice-4_cell-20190603-sample-4_icephys.nwb
20190603_sample_5,XOWJS-5,sub-mouse-XOWJS_ses-20190603-sample-5_slice-20190603-slice-5_cell-20190603-sample-5_icephys,sub-mouse-XOWJS_ses-20190603-sample-5_slice-20190603-slice-5_cell-20190603-sample-5_icephys.nwb
20190603_sample_6,QEDJX-6,sub-mouse-QEDJX_ses-20190603-sample-6_slice-20190603-slice-6_cell-20190603-sample-6_icephys,sub-mouse-QEDJX_ses-20190603-sample-6_slice-20190603-slice-6_cell-20190603-sample-6_icephys.nwb
20190603_sample_7,QEDJX-7,sub-mouse-QEDJX_ses-20190603-sample-7_slice-20190603-slice-7_cell-20190603-sample-7_icephys,sub-mouse-QEDJX_ses-20190603-sample-7_slice-20190603-slice-7_cell-20190603-sample-7_icephys.nwb
20190603_sample_9,QEDJX-9,sub-mouse-QEDJX_ses-20190603-sample-9_slice-20190603-slice-9_cell-20190603-sample-9_icephys,sub-mouse-QEDJX_ses-20190603-sample-9_slice-20190603-slice-9_cell-20190603-sample-9_icephys.nwb
20190604_sample_12,EBFUB-12,sub-mouse-EBFUB_ses-20190604-sample-12_slice-20190604-slice-12_cell-20190604-sample-12_icephys,sub-mouse-EBFUB_ses-20190604-sample-12_slice-20190604-slice-12_cell-20190604-sample-12_icephys.nwb
20190604_sample_2,QJQTX-2,sub-mouse-QJQTX_ses-20190604-sample-2_slice-20190604-slice-2_cell-20190604-sample-2_icephys,sub-mouse-QJQTX_ses-20190604-sample-2_slice-20190604-slice-2_cell-20190604-sample-2_icephys.nwb
20190604_sample_4,QJQTX-4,sub-mouse-QJQTX_ses-20190604-sample-4_slice-20190604-slice-4_cell-20190604-sample-4_icephys,sub-mouse-QJQTX_ses-20190604-sample-4_slice-20190604-slice-4_cell-20190604-sample-4_icephys.nwb
20190604_sample_6,QJQTX-6,sub-mouse-QJQTX_ses-20190604-sample-6_slice-20190604-slice-6_cell-20190604-sample-6_icephys,sub-mouse-QJQTX_ses-20190604-sample-6_slice-20190604-slice-6_cell-20190604-sample-6_icephys.nwb
20190604_sample_8,QJQTX-8,sub-mouse-QJQTX_ses-20190604-sample-8_slice-20190604-slice-8_cell-20190604-sample-8_icephys,sub-mouse-QJQTX_ses-20190604-sample-8_slice-20190604-slice-8_cell-20190604-sample-8_icephys.nwb
20190605_sample_1,MKKPK-1,sub-mouse-MKKPK_ses-20190605-sample-1_slice-20190605-slice-1_cell-20190605-sample-1_icephys,sub-mouse-MKKPK_ses-20190605-sample-1_slice-20190605-slice-1_cell-20190605-sample-1_icephys.nwb
20190605_sample_2,MKKPK-2,sub-mouse-MKKPK_ses-20190605-sample-2_slice-20190605-slice-2_cell-20190605-sample-2_icephys,sub-mouse-MKKPK_ses-20190605-sample-2_slice-20190605-slice-2_cell-20190605-sample-2_icephys.nwb
20190605_sample_4,MKKPK-4,sub-mouse-MKKPK_ses-20190605-sample-4_slice-20190605-slice-4_cell-20190605-sample-4_icephys,sub-mouse-MKKPK_ses-20190605-sample-4_slice-20190605-slice-4_cell-20190605-sample-4_icephys.nwb
20190605_sample_5,MKKPK-5,sub-mouse-MKKPK_ses-20190605-sample-5_slice-20190605-slice-5_cell-20190605-sample-5_icephys,sub-mouse-MKKPK_ses-20190605-sample-5_slice-20190605-slice-5_cell-20190605-sample-5_icephys.nwb
20190605_sample_6,MKKPK-6,sub-mouse-MKKPK_ses-20190605-sample-6_slice-20190605-slice-6_cell-20190605-sample-6_icephys,sub-mouse-MKKPK_ses-20190605-sample-6_slice-20190605-slice-6_cell-20190605-sample-6_icephys.nwb
20190606_sample_1,SOYWW-1,sub-mouse-SOYWW_ses-20190606-sample-1_slice-20190606-slice-1_cell-20190606-sample-1_icephys,sub-mouse-SOYWW_ses-20190606-sample-1_slice-20190606-slice-1_cell-20190606-sample-1_icephys.nwb
20190606_sample_2,SOYWW-2,sub-mouse-SOYWW_ses-20190606-sample-2_slice-20190606-slice-2_cell-20190606-sample-2_icephys,sub-mouse-SOYWW_ses-20190606-sample-2_slice-20190606-slice-2_cell-20190606-sample-2_icephys.nwb
20190606_sample_3,SOYWW-3,sub-mouse-SOYWW_ses-20190606-sample-3_slice-20190606-slice-3_cell-20190606-sample-3_icephys,sub-mouse-SOYWW_ses-20190606-sample-3_slice-20190606-slice-3_cell-20190606-sample-3_icephys.nwb
20190606_sample_5,SOYWW-5,sub-mouse-SOYWW_ses-20190606-sample-5_slice-20190606-slice-5_cell-20190606-sample-5_icephys,sub-mouse-SOYWW_ses-20190606-sample-5_slice-20190606-slice-5_cell-20190606-sample-5_icephys.nwb
20190606_sample_6,SOYWW-6,sub-mouse-SOYWW_ses-20190606-sample-6_slice-20190606-slice-6_cell-20190606-sample-6_icephys,sub-mouse-SOYWW_ses-20190606-sample-6_slice-20190606-slice-6_cell-20190606-sample-6_icephys.nwb
20190606_sample_7,SOYWW-7,sub-mouse-SOYWW_ses-20190606-sample-7_slice-20190606-slice-7_cell-20190606-sample-7_icephys,sub-mouse-SOYWW_ses-20190606-sample-7_slice-20190606-slice-7_cell-20190606-sample-7_icephys.nwb
20190606_sample_9,SOYWW-9,sub-mouse-SOYWW_ses-20190606-sample-9_slice-20190606-slice-9_cell-20190606-sample-9_icephys,sub-mouse-SOYWW_ses-20190606-sample-9_slice-20190606-slice-9_cell-20190606-sample-9_icephys.nwb
20190607_sample_2,PKVPH-2,sub-mouse-PKVPH_ses-20190607-sample-2_slice-20190607-slice-2_cell-20190607-sample-2_icephys,sub-mouse-PKVPH_ses-20190607-sample-2_slice-20190607-slice-2_cell-20190607-sample-2_icephys.nwb
20190607_sample_3,PKVPH-3,sub-mouse-PKVPH_ses-20190607-sample-3_slice-20190607-slice-3_cell-20190607-sample-3_icephys,sub-mouse-PKVPH_ses-20190607-sample-3_slice-20190607-slice-3_cell-20190607-sample-3_icephys.nwb
20190607_sample_5,PKVPH-5,sub-mouse-PKVPH_ses-20190607-sample-5_slice-20190607-slice-5_cell-20190607-sample-5_icephys,sub-mouse-PKVPH_ses-20190607-sample-5_slice-20190607-slice-5_cell-20190607-sample-5_icephys.nwb
20190610_sample_1,DHDXY-1,sub-mouse-DHDXY_ses-20190610-sample-1_slice-20190610-slice-1_cell-20190610-sample-1_icephys,sub-mouse-DHDXY_ses-20190610-sample-1_slice-20190610-slice-1_cell-20190610-sample-1_icephys.nwb
20190610_sample_10,DHDXY-10,sub-mouse-DHDXY_ses-20190610-sample-10_slice-20190610-slice-10_cell-20190610-sample-10_icephys,sub-mouse-DHDXY_ses-20190610-sample-10_slice-20190610-slice-10_cell-20190610-sample-10_icephys.nwb
20190610_sample_12,DHDXY-12,sub-mouse-DHDXY_ses-20190610-sample-12_slice-20190610-slice-12_cell-20190610-sample-12_icephys,sub-mouse-DHDXY_ses-20190610-sample-12_slice-20190610-slice-12_cell-20190610-sample-12_icephys.nwb
20190610_sample_16,DHDXY-16,sub-mouse-DHDXY_ses-20190610-sample-16_slice-20190610-slice-16_cell-20190610-sample-16_icephys,sub-mouse-DHDXY_ses-20190610-sample-16_slice-20190610-slice-16_cell-20190610-sample-16_icephys.nwb
20190610_sample_18,CCRZS-18,sub-mouse-CCRZS_ses-20190610-sample-18_slice-20190610-slice-18_cell-20190610-sample-18_icephys,sub-mouse-CCRZS_ses-20190610-sample-18_slice-20190610-slice-18_cell-20190610-sample-18_icephys.nwb
20190610_sample_2,DHDXY-2,sub-mouse-DHDXY_ses-20190610-sample-2_slice-20190610-slice-2_cell-20190610-sample-2_icephys,sub-mouse-DHDXY_ses-20190610-sample-2_slice-20190610-slice-2_cell-20190610-sample-2_icephys.nwb
20190610_sample_3,CCRZS-3,sub-mouse-CCRZS_ses-20190610-sample-3_slice-20190610-slice-3_cell-20190610-sample-3_icephys,sub-mouse-CCRZS_ses-20190610-sample-3_slice-20190610-slice-3_cell-20190610-sample-3_icephys.nwb
20190610_sample_4,DHDXY-4,sub-mouse-DHDXY_ses-20190610-sample-4_slice-20190610-slice-4_cell-20190610-sample-4_icephys,sub-mouse-DHDXY_ses-20190610-sample-4_slice-20190610-slice-4_cell-20190610-sample-4_icephys.nwb
20190610_sample_5,DHDXY-5,sub-mouse-DHDXY_ses-20190610-sample-5_slice-20190610-slice-5_cell-20190610-sample-5_icephys,sub-mouse-DHDXY_ses-20190610-sample-5_slice-20190610-slice-5_cell-20190610-sample-5_icephys.nwb
20190610_sample_7,CCRZS-7,sub-mouse-CCRZS_ses-20190610-sample-7_slice-20190610-slice-7_cell-20190610-sample-7_icephys,sub-mouse-CCRZS_ses-20190610-sample-7_slice-20190610-slice-7_cell-20190610-sample-7_icephys.nwb
20190610_sample_8,DHDXY-8,sub-mouse-DHDXY_ses-20190610-sample-8_slice-20190610-slice-8_cell-20190610-sample-8_icephys,sub-mouse-DHDXY_ses-20190610-sample-8_slice-20190610-slice-8_cell-20190610-sample-8_icephys.nwb
20190610_sample_9,CCRZS-9,sub-mouse-CCRZS_ses-20190610-sample-9_slice-20190610-slice-9_cell-20190610-sample-9_icephys,sub-mouse-CCRZS_ses-20190610-sample-9_slice-20190610-slice-9_cell-20190610-sample-9_icephys.nwb
20190611_sample_1,SUERJ-1,sub-mouse-SUERJ_ses-20190611-sample-1_slice-20190611-slice-1_cell-20190611-sample-1_icephys,sub-mouse-SUERJ_ses-20190611-sample-1_slice-20190611-slice-1_cell-20190611-sample-1_icephys.nwb
20190611_sample_10,SUERJ-10,sub-mouse-SUERJ_ses-20190611-sample-10_slice-20190611-slice-10_cell-20190611-sample-10_icephys,sub-mouse-SUERJ_ses-20190611-sample-10_slice-20190611-slice-10_cell-20190611-sample-10_icephys.nwb
20190611_sample_11,VUFAE-11,sub-mouse-VUFAE_ses-20190611-sample-11_slice-20190611-slice-11_cell-20190611-sample-11_icephys,sub-mouse-VUFAE_ses-20190611-sample-11_slice-20190611-slice-11_cell-20190611-sample-11_icephys.nwb
20190611_sample_14,VUFAE-14,sub-mouse-VUFAE_ses-20190611-sample-14_slice-20190611-slice-14_cell-20190611-sample-14_icephys,sub-mouse-VUFAE_ses-20190611-sample-14_slice-20190611-slice-14_cell-20190611-sample-14_icephys.nwb
20190611_sample_15,VUFAE-15,sub-mouse-VUFAE_ses-20190611-sample-15_slice-20190611-slice-15_cell-20190611-sample-15_icephys,sub-mouse-VUFAE_ses-20190611-sample-15_slice-20190611-slice-15_cell-20190611-sample-15_icephys.nwb
20190611_sample_3,SUERJ-3,sub-mouse-SUERJ_ses-20190611-sample-3_slice-20190611-slice-3_cell-20190611-sample-3_icephys,sub-mouse-SUERJ_ses-20190611-sample-3_slice-20190611-slice-3_cell-20190611-sample-3_icephys.nwb
20190611_sample_4,SUERJ-4,sub-mouse-SUERJ_ses-20190611-sample-4_slice-20190611-slice-4_cell-20190611-sample-4_icephys,sub-mouse-SUERJ_ses-20190611-sample-4_slice-20190611-slice-4_cell-20190611-sample-4_icephys.nwb
20190611_sample_5,SUERJ-5,sub-mouse-SUERJ_ses-20190611-sample-5_slice-20190611-slice-5_cell-20190611-sample-5_icephys,sub-mouse-SUERJ_ses-20190611-sample-5_slice-20190611-slice-5_cell-20190611-sample-5_icephys.nwb
20190611_sample_7,SUERJ-7,sub-mouse-SUERJ_ses-20190611-sample-7_slice-20190611-slice-7_cell-20190611-sample-7_icephys,sub-mouse-SUERJ_ses-20190611-sample-7_slice-20190611-slice-7_cell-20190611-sample-7_icephys.nwb
20190611_sample_8,SUERJ-8,sub-mouse-SUERJ_ses-20190611-sample-8_slice-20190611-slice-8_cell-20190611-sample-8_icephys,sub-mouse-SUERJ_ses-20190611-sample-8_slice-20190611-slice-8_cell-20190611-sample-8_icephys.nwb
20190612_sample_1,ILZNB-1,sub-mouse-ILZNB_ses-20190612-sample-1_slice-20190612-slice-1_cell-20190612-sample-1_icephys,sub-mouse-ILZNB_ses-20190612-sample-1_slice-20190612-slice-1_cell-20190612-sample-1_icephys.nwb
20190612_sample_2,ILZNB-2,sub-mouse-ILZNB_ses-20190612-sample-2_slice-20190612-slice-2_cell-20190612-sample-2_icephys,sub-mouse-ILZNB_ses-20190612-sample-2_slice-20190612-slice-2_cell-20190612-sample-2_icephys.nwb
20190612_sample_4,ILZNB-4,sub-mouse-ILZNB_ses-20190612-sample-4_slice-20190612-slice-4_cell-20190612-sample-4_icephys,sub-mouse-ILZNB_ses-20190612-sample-4_slice-20190612-slice-4_cell-20190612-sample-4_icephys.nwb
20190612_sample_6,ILZNB-6,sub-mouse-ILZNB_ses-20190612-sample-6_slice-20190612-slice-6_cell-20190612-sample-6_icephys,sub-mouse-ILZNB_ses-20190612-sample-6_slice-20190612-slice-6_cell-20190612-sample-6_icephys.nwb
20190612_sample_7,ILZNB-7,sub-mouse-ILZNB_ses-20190612-sample-7_slice-20190612-slice-7_cell-20190612-sample-7_icephys,sub-mouse-ILZNB_ses-20190612-sample-7_slice-20190612-slice-7_cell-20190612-sample-7_icephys.nwb
20190612_sample_8,ILZNB-8,sub-mouse-ILZNB_ses-20190612-sample-8_slice-20190612-slice-8_cell-20190612-sample-8_icephys,sub-mouse-ILZNB_ses-20190612-sample-8_slice-20190612-slice-8_cell-20190612-sample-8_icephys.nwb
20190613_sample_10,QNZMI-10,sub-mouse-QNZMI_ses-20190613-sample-10_slice-20190613-slice-10_cell-20190613-sample-10_icephys,sub-mouse-QNZMI_ses-20190613-sample-10_slice-20190613-slice-10_cell-20190613-sample-10_icephys.nwb
20190613_sample_2,QNZMI-2,sub-mouse-QNZMI_ses-20190613-sample-2_slice-20190613-slice-2_cell-20190613-sample-2_icephys,sub-mouse-QNZMI_ses-20190613-sample-2_slice-20190613-slice-2_cell-20190613-sample-2_icephys.nwb
20190613_sample_3,QNZMI-3,sub-mouse-QNZMI_ses-20190613-sample-3_slice-20190613-slice-3_cell-20190613-sample-3_icephys,sub-mouse-QNZMI_ses-20190613-sample-3_slice-20190613-slice-3_cell-20190613-sample-3_icephys.nwb
20190613_sample_4,QNZMI-4,sub-mouse-QNZMI_ses-20190613-sample-4_slice-20190613-slice-4_cell-20190613-sample-4_icephys,sub-mouse-QNZMI_ses-20190613-sample-4_slice-20190613-slice-4_cell-20190613-sample-4_icephys.nwb
20190613_sample_6,QNZMI-6,sub-mouse-QNZMI_ses-20190613-sample-6_slice-20190613-slice-6_cell-20190613-sample-6_icephys,sub-mouse-QNZMI_ses-20190613-sample-6_slice-20190613-slice-6_cell-20190613-sample-6_icephys.nwb
20190613_sample_7,QNZMI-7,sub-mouse-QNZMI_ses-20190613-sample-7_slice-20190613-slice-7_cell-20190613-sample-7_icephys,sub-mouse-QNZMI_ses-20190613-sample-7_slice-20190613-slice-7_cell-20190613-sample-7_icephys.nwb
20190613_sample_8,QNZMI-8,sub-mouse-QNZMI_ses-20190613-sample-8_slice-20190613-slice-8_cell-20190613-sample-8_icephys,sub-mouse-QNZMI_ses-20190613-sample-8_slice-20190613-slice-8_cell-20190613-sample-8_icephys.nwb
20190613_sample_9,QNZMI-9,sub-mouse-QNZMI_ses-20190613-sample-9_slice-20190613-slice-9_cell-20190613-sample-9_icephys,sub-mouse-QNZMI_ses-20190613-sample-9_slice-20190613-slice-9_cell-20190613-sample-9_icephys.nwb
20190614_sample_2,ZYOYV-2,sub-mouse-ZYOYV_ses-20190614-sample-2_slice-20190614-slice-2_cell-20190614-sample-2_icephys,sub-mouse-ZYOYV_ses-20190614-sample-2_slice-20190614-slice-2_cell-20190614-sample-2_icephys.nwb
20190614_sample_3,ZYOYV-3,sub-mouse-ZYOYV_ses-20190614-sample-3_slice-20190614-slice-3_cell-20190614-sample-3_icephys,sub-mouse-ZYOYV_ses-20190614-sample-3_slice-20190614-slice-3_cell-20190614-sample-3_icephys.nwb
20190614_sample_4,ZYOYV-4,sub-mouse-ZYOYV_ses-20190614-sample-4_slice-20190614-slice-4_cell-20190614-sample-4_icephys,sub-mouse-ZYOYV_ses-20190614-sample-4_slice-20190614-slice-4_cell-20190614-sample-4_icephys.nwb
20190614_sample_6,ZYOYV-6,sub-mouse-ZYOYV_ses-20190614-sample-6_slice-20190614-slice-6_cell-20190614-sample-6_icephys,sub-mouse-ZYOYV_ses-20190614-sample-6_slice-20190614-slice-6_cell-20190614-sample-6_icephys.nwb
20190614_sample_8,ZYOYV-8,sub-mouse-ZYOYV_ses-20190614-sample-8_slice-20190614-slice-8_cell-20190614-sample-8_icephys,sub-mouse-ZYOYV_ses-20190614-sample-8_slice-20190614-slice-8_cell-20190614-sample-8_icephys.nwb
20190617_sample_1,OXKPQ-1,sub-mouse-OXKPQ_ses-20190617-sample-1_slice-20190617-slice-1_cell-20190617-sample-1_icephys,sub-mouse-OXKPQ_ses-20190617-sample-1_slice-20190617-slice-1_cell-20190617-sample-1_icephys.nwb
20190617_sample_2,OXKPQ-2,sub-mouse-OXKPQ_ses-20190617-sample-2_slice-20190617-slice-2_cell-20190617-sample-2_icephys,sub-mouse-OXKPQ_ses-20190617-sample-2_slice-20190617-slice-2_cell-20190617-sample-2_icephys.nwb
20190617_sample_3,OXKPQ-3,sub-mouse-OXKPQ_ses-20190617-sample-3_slice-20190617-slice-3_cell-20190617-sample-3_icephys,sub-mouse-OXKPQ_ses-20190617-sample-3_slice-20190617-slice-3_cell-20190617-sample-3_icephys.nwb
20190617_sample_4,OXKPQ-4,sub-mouse-OXKPQ_ses-20190617-sample-4_slice-20190617-slice-4_cell-20190617-sample-4_icephys,sub-mouse-OXKPQ_ses-20190617-sample-4_slice-20190617-slice-4_cell-20190617-sample-4_icephys.nwb
20190617_sample_5,OXKPQ-5,sub-mouse-OXKPQ_ses-20190617-sample-5_slice-20190617-slice-5_cell-20190617-sample-5_icephys,sub-mouse-OXKPQ_ses-20190617-sample-5_slice-20190617-slice-5_cell-20190617-sample-5_icephys.nwb
20190617_sample_6,OXKPQ-6,sub-mouse-OXKPQ_ses-20190617-sample-6_slice-20190617-slice-6_cell-20190617-sample-6_icephys,sub-mouse-OXKPQ_ses-20190617-sample-6_slice-20190617-slice-6_cell-20190617-sample-6_icephys.nwb
20190618_sample_1,ZDAHQ-1,sub-mouse-ZDAHQ_ses-20190618-sample-1_slice-20190618-slice-1_cell-20190618-sample-1_icephys,sub-mouse-ZDAHQ_ses-20190618-sample-1_slice-20190618-slice-1_cell-20190618-sample-1_icephys.nwb
20190618_sample_2,ZDAHQ-2,sub-mouse-ZDAHQ_ses-20190618-sample-2_slice-20190618-slice-2_cell-20190618-sample-2_icephys,sub-mouse-ZDAHQ_ses-20190618-sample-2_slice-20190618-slice-2_cell-20190618-sample-2_icephys.nwb
20190618_sample_4,ZDAHQ-4,sub-mouse-ZDAHQ_ses-20190618-sample-4_slice-20190618-slice-4_cell-20190618-sample-4_icephys,sub-mouse-ZDAHQ_ses-20190618-sample-4_slice-20190618-slice-4_cell-20190618-sample-4_icephys.nwb
20190618_sample_5,ZDAHQ-5,sub-mouse-ZDAHQ_ses-20190618-sample-5_slice-20190618-slice-5_cell-20190618-sample-5_icephys,sub-mouse-ZDAHQ_ses-20190618-sample-5_slice-20190618-slice-5_cell-20190618-sample-5_icephys.nwb
20190618_sample_7,ZDAHQ-7,sub-mouse-ZDAHQ_ses-20190618-sample-7_slice-20190618-slice-7_cell-20190618-sample-7_icephys,sub-mouse-ZDAHQ_ses-20190618-sample-7_slice-20190618-slice-7_cell-20190618-sample-7_icephys.nwb
20190618_sample_8,ZDAHQ-8,sub-mouse-ZDAHQ_ses-20190618-sample-8_slice-20190618-slice-8_cell-20190618-sample-8_icephys,sub-mouse-ZDAHQ_ses-20190618-sample-8_slice-20190618-slice-8_cell-20190618-sample-8_icephys.nwb
20190619_sample_1,CTOOX-1,sub-mouse-CTOOX_ses-20190619-sample-1_slice-20190619-slice-1_cell-20190619-sample-1_icephys,sub-mouse-CTOOX_ses-20190619-sample-1_slice-20190619-slice-1_cell-20190619-sample-1_icephys.nwb
20190619_sample_3,CTOOX-3,sub-mouse-CTOOX_ses-20190619-sample-3_slice-20190619-slice-3_cell-20190619-sample-3_icephys,sub-mouse-CTOOX_ses-20190619-sample-3_slice-20190619-slice-3_cell-20190619-sample-3_icephys.nwb
20190619_sample_4,CTOOX-4,sub-mouse-CTOOX_ses-20190619-sample-4_slice-20190619-slice-4_cell-20190619-sample-4_icephys,sub-mouse-CTOOX_ses-20190619-sample-4_slice-20190619-slice-4_cell-20190619-sample-4_icephys.nwb
20190619_sample_5,CTOOX-5,sub-mouse-CTOOX_ses-20190619-sample-5_slice-20190619-slice-5_cell-20190619-sample-5_icephys,sub-mouse-CTOOX_ses-20190619-sample-5_slice-20190619-slice-5_cell-20190619-sample-5_icephys.nwb
20190619_sample_6,CTOOX-6,sub-mouse-CTOOX_ses-20190619-sample-6_slice-20190619-slice-6_cell-20190619-sample-6_icephys,sub-mouse-CTOOX_ses-20190619-sample-6_slice-20190619-slice-6_cell-20190619-sample-6_icephys.nwb
20190620_sample_1,VNZWN-1,sub-mouse-VNZWN_ses-20190620-sample-1_slice-20190620-slice-1_cell-20190620-sample-1_icephys,sub-mouse-VNZWN_ses-20190620-sample-1_slice-20190620-slice-1_cell-20190620-sample-1_icephys.nwb
20190620_sample_2,VNZWN-2,sub-mouse-VNZWN_ses-20190620-sample-2_slice-20190620-slice-2_cell-20190620-sample-2_icephys,sub-mouse-VNZWN_ses-20190620-sample-2_slice-20190620-slice-2_cell-20190620-sample-2_icephys.nwb
20190620_sample_5,VNZWN-5,sub-mouse-VNZWN_ses-20190620-sample-5_slice-20190620-slice-5_cell-20190620-sample-5_icephys,sub-mouse-VNZWN_ses-20190620-sample-5_slice-20190620-slice-5_cell-20190620-sample-5_icephys.nwb
20190620_sample_6,VNZWN-6,sub-mouse-VNZWN_ses-20190620-sample-6_slice-20190620-slice-6_cell-20190620-sample-6_icephys,sub-mouse-VNZWN_ses-20190620-sample-6_slice-20190620-slice-6_cell-20190620-sample-6_icephys.nwb
20190620_sample_8,VNZWN-8,sub-mouse-VNZWN_ses-20190620-sample-8_slice-20190620-slice-8_cell-20190620-sample-8_icephys,sub-mouse-VNZWN_ses-20190620-sample-8_slice-20190620-slice-8_cell-20190620-sample-8_icephys.nwb
20190624_sample_1,XBMZN-1,sub-mouse-XBMZN_ses-20190624-sample-1_slice-20190624-slice-1_cell-20190624-sample-1_icephys,sub-mouse-XBMZN_ses-20190624-sample-1_slice-20190624-slice-1_cell-20190624-sample-1_icephys.nwb
20190624_sample_2,XBMZN-2,sub-mouse-XBMZN_ses-20190624-sample-2_slice-20190624-slice-2_cell-20190624-sample-2_icephys,sub-mouse-XBMZN_ses-20190624-sample-2_slice-20190624-slice-2_cell-20190624-sample-2_icephys.nwb
20190624_sample_3,XBMZN-3,sub-mouse-XBMZN_ses-20190624-sample-3_slice-20190624-slice-3_cell-20190624-sample-3_icephys,sub-mouse-XBMZN_ses-20190624-sample-3_slice-20190624-slice-3_cell-20190624-sample-3_icephys.nwb
20190624_sample_4,XBMZN-4,sub-mouse-XBMZN_ses-20190624-sample-4_slice-20190624-slice-4_cell-20190624-sample-4_icephys,sub-mouse-XBMZN_ses-20190624-sample-4_slice-20190624-slice-4_cell-20190624-sample-4_icephys.nwb
20190624_sample_5,XBMZN-5,sub-mouse-XBMZN_ses-20190624-sample-5_slice-20190624-slice-5_cell-20190624-sample-5_icephys,sub-mouse-XBMZN_ses-20190624-sample-5_slice-20190624-slice-5_cell-20190624-sample-5_icephys.nwb
20190624_sample_6,XBMZN-6,sub-mouse-XBMZN_ses-20190624-sample-6_slice-20190624-slice-6_cell-20190624-sample-6_icephys,sub-mouse-XBMZN_ses-20190624-sample-6_slice-20190624-slice-6_cell-20190624-sample-6_icephys.nwb
20190625_sample_1,XSGCO-1,sub-mouse-XSGCO_ses-20190625-sample-1_slice-20190625-slice-1_cell-20190625-sample-1_icephys,sub-mouse-XSGCO_ses-20190625-sample-1_slice-20190625-slice-1_cell-20190625-sample-1_icephys.nwb
20190625_sample_10,XSGCO-10,sub-mouse-XSGCO_ses-20190625-sample-10_slice-20190625-slice-5_cell-20190625-sample-10_icephys,sub-mouse-XSGCO_ses-20190625-sample-10_slice-20190625-slice-5_cell-20190625-sample-10_icephys.nwb
20190625_sample_11,XSGCO-11,sub-mouse-XSGCO_ses-20190625-sample-11_slice-20190625-slice-6_cell-20190625-sample-11_icephys,sub-mouse-XSGCO_ses-20190625-sample-11_slice-20190625-slice-6_cell-20190625-sample-11_icephys.nwb
20190625_sample_12,XSGCO-12,sub-mouse-XSGCO_ses-20190625-sample-12_slice-20190625-slice-7_cell-20190625-sample-12_icephys,sub-mouse-XSGCO_ses-20190625-sample-12_slice-20190625-slice-7_cell-20190625-sample-12_icephys.nwb
20190625_sample_13,XSGCO-13,sub-mouse-XSGCO_ses-20190625-sample-13_slice-20190625-slice-8_cell-20190625-sample-13_icephys,sub-mouse-XSGCO_ses-20190625-sample-13_slice-20190625-slice-8_cell-20190625-sample-13_icephys.nwb
20190625_sample_2,XSGCO-2,sub-mouse-XSGCO_ses-20190625-sample-2_slice-20190625-slice-1_cell-20190625-sample-2_icephys,sub-mouse-XSGCO_ses-20190625-sample-2_slice-20190625-slice-1_cell-20190625-sample-2_icephys.nwb
20190625_sample_3,XSGCO-3,sub-mouse-XSGCO_ses-20190625-sample-3_slice-20190625-slice-2_cell-20190625-sample-3_icephys,sub-mouse-XSGCO_ses-20190625-sample-3_slice-20190625-slice-2_cell-20190625-sample-3_icephys.nwb
20190625_sample_4,XSGCO-4,sub-mouse-XSGCO_ses-20190625-sample-4_slice-20190625-slice-2_cell-20190625-sample-4_icephys,sub-mouse-XSGCO_ses-20190625-sample-4_slice-20190625-slice-2_cell-20190625-sample-4_icephys.nwb
20190625_sample_5,XSGCO-5,sub-mouse-XSGCO_ses-20190625-sample-5_slice-20190625-slice-3_cell-20190625-sample-5_icephys,sub-mouse-XSGCO_ses-20190625-sample-5_slice-20190625-slice-3_cell-20190625-sample-5_icephys.nwb
20190625_sample_6,XSGCO-6,sub-mouse-XSGCO_ses-20190625-sample-6_slice-20190625-slice-3_cell-20190625-sample-6_icephys,sub-mouse-XSGCO_ses-20190625-sample-6_slice-20190625-slice-3_cell-20190625-sample-6_icephys.nwb
20190625_sample_7,XSGCO-7,sub-mouse-XSGCO_ses-20190625-sample-7_slice-20190625-slice-4_cell-20190625-sample-7_icephys,sub-mouse-XSGCO_ses-20190625-sample-7_slice-20190625-slice-4_cell-20190625-sample-7_icephys.nwb
20190625_sample_8,XSGCO-8,sub-mouse-XSGCO_ses-20190625-sample-8_slice-20190625-slice-4_cell-20190625-sample-8_icephys,sub-mouse-XSGCO_ses-20190625-sample-8_slice-20190625-slice-4_cell-20190625-sample-8_icephys.nwb
20190626_sample_1,WNKOM-1,sub-mouse-WNKOM_ses-20190626-sample-1_slice-20190626-slice-1_cell-20190626-sample-1_icephys,sub-mouse-WNKOM_ses-20190626-sample-1_slice-20190626-slice-1_cell-20190626-sample-1_icephys.nwb
20190626_sample_4,WNKOM-4,sub-mouse-WNKOM_ses-20190626-sample-4_slice-20190626-slice-2_cell-20190626-sample-4_icephys,sub-mouse-WNKOM_ses-20190626-sample-4_slice-20190626-slice-2_cell-20190626-sample-4_icephys.nwb
20190626_sample_5,WNKOM-5,sub-mouse-WNKOM_ses-20190626-sample-5_slice-20190626-slice-3_cell-20190626-sample-5_icephys,sub-mouse-WNKOM_ses-20190626-sample-5_slice-20190626-slice-3_cell-20190626-sample-5_icephys.nwb
20190627_sample_1,RZFCS-1,sub-mouse-RZFCS_ses-20190627-sample-1_slice-20190627-slice-1_cell-20190627-sample-1_icephys,sub-mouse-RZFCS_ses-20190627-sample-1_slice-20190627-slice-1_cell-20190627-sample-1_icephys.nwb
20190627_sample_2,RZFCS-2,sub-mouse-RZFCS_ses-20190627-sample-2_slice-20190627-slice-2_cell-20190627-sample-2_icephys,sub-mouse-RZFCS_ses-20190627-sample-2_slice-20190627-slice-2_cell-20190627-sample-2_icephys.nwb
20190627_sample_4,RZFCS-4,sub-mouse-RZFCS_ses-20190627-sample-4_slice-20190627-slice-4_cell-20190627-sample-4_icephys,sub-mouse-RZFCS_ses-20190627-sample-4_slice-20190627-slice-4_cell-20190627-sample-4_icephys.nwb
20190627_sample_6,RZFCS-6,sub-mouse-RZFCS_ses-20190627-sample-6_slice-20190627-slice-6_cell-20190627-sample-6_icephys,sub-mouse-RZFCS_ses-20190627-sample-6_slice-20190627-slice-6_cell-20190627-sample-6_icephys.nwb
20190627_sample_8,RZFCS-8,sub-mouse-RZFCS_ses-20190627-sample-8_slice-20190627-slice-8_cell-20190627-sample-8_icephys,sub-mouse-RZFCS_ses-20190627-sample-8_slice-20190627-slice-8_cell-20190627-sample-8_icephys.nwb
20190628_sample_1,OYWEJ-1,sub-mouse-OYWEJ_ses-20190628-sample-1_slice-20190628-slice-1_cell-20190628-sample-1_icephys,sub-mouse-OYWEJ_ses-20190628-sample-1_slice-20190628-slice-1_cell-20190628-sample-1_icephys.nwb
20190628_sample_2,OYWEJ-2,sub-mouse-OYWEJ_ses-20190628-sample-2_slice-20190628-slice-2_cell-20190628-sample-2_icephys,sub-mouse-OYWEJ_ses-20190628-sample-2_slice-20190628-slice-2_cell-20190628-sample-2_icephys.nwb
20190628_sample_3,OYWEJ-3,sub-mouse-OYWEJ_ses-20190628-sample-3_slice-20190628-slice-3_cell-20190628-sample-3_icephys,sub-mouse-OYWEJ_ses-20190628-sample-3_slice-20190628-slice-3_cell-20190628-sample-3_icephys.nwb
20190628_sample_4,OYWEJ-4,sub-mouse-OYWEJ_ses-20190628-sample-4_slice-20190628-slice-4_cell-20190628-sample-4_icephys,sub-mouse-OYWEJ_ses-20190628-sample-4_slice-20190628-slice-4_cell-20190628-sample-4_icephys.nwb
20190628_sample_5,OYWEJ-5,sub-mouse-OYWEJ_ses-20190628-sample-5_slice-20190628-slice-5_cell-20190628-sample-5_icephys,sub-mouse-OYWEJ_ses-20190628-sample-5_slice-20190628-slice-5_cell-20190628-sample-5_icephys.nwb
20190628_sample_6,OYWEJ-6,sub-mouse-OYWEJ_ses-20190628-sample-6_slice-20190628-slice-6_cell-20190628-sample-6_icephys,sub-mouse-OYWEJ_ses-20190628-sample-6_slice-20190628-slice-6_cell-20190628-sample-6_icephys.nwb
20190628_sample_7,OYWEJ-7,sub-mouse-OYWEJ_ses-20190628-sample-7_slice-20190628-slice-7_cell-20190628-sample-7_icephys,sub-mouse-OYWEJ_ses-20190628-sample-7_slice-20190628-slice-7_cell-20190628-sample-7_icephys.nwb
20190703_sample_1,GYQGV-1,sub-mouse-GYQGV_ses-20190703-sample-1_slice-20190703-slice-1_cell-20190703-sample-1_icephys,sub-mouse-GYQGV_ses-20190703-sample-1_slice-20190703-slice-1_cell-20190703-sample-1_icephys.nwb
20190703_sample_10,GYQGV-10,sub-mouse-GYQGV_ses-20190703-sample-10_slice-20190703-slice-10_cell-20190703-sample-10_icephys,sub-mouse-GYQGV_ses-20190703-sample-10_slice-20190703-slice-10_cell-20190703-sample-10_icephys.nwb
20190703_sample_12,ZLYQM-12,sub-mouse-ZLYQM_ses-20190703-sample-12_slice-20190703-slice-12_cell-20190703-sample-12_icephys,sub-mouse-ZLYQM_ses-20190703-sample-12_slice-20190703-slice-12_cell-20190703-sample-12_icephys.nwb
20190703_sample_13,ZLYQM-13,sub-mouse-ZLYQM_ses-20190703-sample-13_slice-20190703-slice-13_cell-20190703-sample-13_icephys,sub-mouse-ZLYQM_ses-20190703-sample-13_slice-20190703-slice-13_cell-20190703-sample-13_icephys.nwb
20190703_sample_14,ZLYQM-14,sub-mouse-ZLYQM_ses-20190703-sample-14_slice-20190703-slice-14_cell-20190703-sample-14_icephys,sub-mouse-ZLYQM_ses-20190703-sample-14_slice-20190703-slice-14_cell-20190703-sample-14_icephys.nwb
20190703_sample_15,ZLYQM-15,sub-mouse-ZLYQM_ses-20190703-sample-15_slice-20190703-slice-15_cell-20190703-sample-15_icephys,sub-mouse-ZLYQM_ses-20190703-sample-15_slice-20190703-slice-15_cell-20190703-sample-15_icephys.nwb
20190703_sample_2,GYQGV-2,sub-mouse-GYQGV_ses-20190703-sample-2_slice-20190703-slice-2_cell-20190703-sample-2_icephys,sub-mouse-GYQGV_ses-20190703-sample-2_slice-20190703-slice-2_cell-20190703-sample-2_icephys.nwb
20190703_sample_3,GYQGV-3,sub-mouse-GYQGV_ses-20190703-sample-3_slice-20190703-slice-3_cell-20190703-sample-3_icephys,sub-mouse-GYQGV_ses-20190703-sample-3_slice-20190703-slice-3_cell-20190703-sample-3_icephys.nwb
20190703_sample_5,GYQGV-5,sub-mouse-GYQGV_ses-20190703-sample-5_slice-20190703-slice-5_cell-20190703-sample-5_icephys,sub-mouse-GYQGV_ses-20190703-sample-5_slice-20190703-slice-5_cell-20190703-sample-5_icephys.nwb
20190703_sample_6,GYQGV-6,sub-mouse-GYQGV_ses-20190703-sample-6_slice-20190703-slice-6_cell-20190703-sample-6_icephys,sub-mouse-GYQGV_ses-20190703-sample-6_slice-20190703-slice-6_cell-20190703-sample-6_icephys.nwb
20190703_sample_8,GYQGV-8,sub-mouse-GYQGV_ses-20190703-sample-8_slice-20190703-slice-8_cell-20190703-sample-8_icephys,sub-mouse-GYQGV_ses-20190703-sample-8_slice-20190703-slice-8_cell-20190703-sample-8_icephys.nwb
20190704_sample_12,IMROD-12,sub-mouse-IMROD_ses-20190704-sample-12_slice-20190704-slice-12_cell-20190704-sample-12_icephys,sub-mouse-IMROD_ses-20190704-sample-12_slice-20190704-slice-12_cell-20190704-sample-12_icephys.nwb
20190704_sample_14,IMROD-14,sub-mouse-IMROD_ses-20190704-sample-14_slice-20190704-slice-14_cell-20190704-sample-14_icephys,sub-mouse-IMROD_ses-20190704-sample-14_slice-20190704-slice-14_cell-20190704-sample-14_icephys.nwb
20190704_sample_2,TYDJC-2,sub-mouse-TYDJC_ses-20190704-sample-2_slice-20190704-slice-2_cell-20190704-sample-2_icephys,sub-mouse-TYDJC_ses-20190704-sample-2_slice-20190704-slice-2_cell-20190704-sample-2_icephys.nwb
20190705_sample_1,OVBOH-1,sub-mouse-OVBOH_ses-20190705-sample-1_slice-20190705-slice-1_cell-20190705-sample-1_icephys,sub-mouse-OVBOH_ses-20190705-sample-1_slice-20190705-slice-1_cell-20190705-sample-1_icephys.nwb
20190705_sample_3,OVBOH-3,sub-mouse-OVBOH_ses-20190705-sample-3_slice-20190705-slice-3_cell-20190705-sample-3_icephys,sub-mouse-OVBOH_ses-20190705-sample-3_slice-20190705-slice-3_cell-20190705-sample-3_icephys.nwb
20190705_sample_4,OVBOH-4,sub-mouse-OVBOH_ses-20190705-sample-4_slice-20190705-slice-4_cell-20190705-sample-4_icephys,sub-mouse-OVBOH_ses-20190705-sample-4_slice-20190705-slice-4_cell-20190705-sample-4_icephys.nwb
20190705_sample_5,OVBOH-5,sub-mouse-OVBOH_ses-20190705-sample-5_slice-20190705-slice-5_cell-20190705-sample-5_icephys,sub-mouse-OVBOH_ses-20190705-sample-5_slice-20190705-slice-5_cell-20190705-sample-5_icephys.nwb
20190705_sample_9,HQLSJ-9,sub-mouse-HQLSJ_ses-20190705-sample-9_slice-20190705-slice-9_cell-20190705-sample-9_icephys,sub-mouse-HQLSJ_ses-20190705-sample-9_slice-20190705-slice-9_cell-20190705-sample-9_icephys.nwb
20190708_sample_12,BXMFE-12,sub-mouse-BXMFE_ses-20190708-sample-12_slice-20190708-slice-12_cell-20190708-sample-12_icephys,sub-mouse-BXMFE_ses-20190708-sample-12_slice-20190708-slice-12_cell-20190708-sample-12_icephys.nwb
20190708_sample_3,IEFTZ-3,sub-mouse-IEFTZ_ses-20190708-sample-3_slice-20190708-slice-3_cell-20190708-sample-3_icephys,sub-mouse-IEFTZ_ses-20190708-sample-3_slice-20190708-slice-3_cell-20190708-sample-3_icephys.nwb
20190708_sample_4,IEFTZ-4,sub-mouse-IEFTZ_ses-20190708-sample-4_slice-20190708-slice-4_cell-20190708-sample-4_icephys,sub-mouse-IEFTZ_ses-20190708-sample-4_slice-20190708-slice-4_cell-20190708-sample-4_icephys.nwb
20190708_sample_6,BXMFE-6,sub-mouse-BXMFE_ses-20190708-sample-6_slice-20190708-slice-6_cell-20190708-sample-6_icephys,sub-mouse-BXMFE_ses-20190708-sample-6_slice-20190708-slice-6_cell-20190708-sample-6_icephys.nwb
20190708_sample_7,BXMFE-7,sub-mouse-BXMFE_ses-20190708-sample-7_slice-20190708-slice-6_cell-20190708-sample-7_icephys,sub-mouse-BXMFE_ses-20190708-sample-7_slice-20190708-slice-6_cell-20190708-sample-7_icephys.nwb
20190708_sample_8,BXMFE-8,sub-mouse-BXMFE_ses-20190708-sample-8_slice-20190708-slice-7_cell-20190708-sample-8_icephys,sub-mouse-BXMFE_ses-20190708-sample-8_slice-20190708-slice-7_cell-20190708-sample-8_icephys.nwb
20190709_sample_1,YAUVU-1,sub-mouse-YAUVU_ses-20190709-sample-1_slice-20190709-slice-1_cell-20190709-sample-1_icephys,sub-mouse-YAUVU_ses-20190709-sample-1_slice-20190709-slice-1_cell-20190709-sample-1_icephys.nwb
20190709_sample_10,FFWPD-10,sub-mouse-FFWPD_ses-20190709-sample-10_slice-20190709-slice-10_cell-20190709-sample-10_icephys,sub-mouse-FFWPD_ses-20190709-sample-10_slice-20190709-slice-10_cell-20190709-sample-10_icephys.nwb
20190709_sample_11,FFWPD-11,sub-mouse-FFWPD_ses-20190709-sample-11_slice-20190709-slice-11_cell-20190709-sample-11_icephys,sub-mouse-FFWPD_ses-20190709-sample-11_slice-20190709-slice-11_cell-20190709-sample-11_icephys.nwb
20190709_sample_12,FFWPD-12,sub-mouse-FFWPD_ses-20190709-sample-12_slice-20190709-slice-12_cell-20190709-sample-12_icephys,sub-mouse-FFWPD_ses-20190709-sample-12_slice-20190709-slice-12_cell-20190709-sample-12_icephys.nwb
20190709_sample_13,FFWPD-13,sub-mouse-FFWPD_ses-20190709-sample-13_slice-20190709-slice-13_cell-20190709-sample-13_icephys,sub-mouse-FFWPD_ses-20190709-sample-13_slice-20190709-slice-13_cell-20190709-sample-13_icephys.nwb
20190709_sample_14,FFWPD-14,sub-mouse-FFWPD_ses-20190709-sample-14_slice-20190709-slice-14_cell-20190709-sample-14_icephys,sub-mouse-FFWPD_ses-20190709-sample-14_slice-20190709-slice-14_cell-20190709-sample-14_icephys.nwb
20190709_sample_2,YAUVU-2,sub-mouse-YAUVU_ses-20190709-sample-2_slice-20190709-slice-2_cell-20190709-sample-2_icephys,sub-mouse-YAUVU_ses-20190709-sample-2_slice-20190709-slice-2_cell-20190709-sample-2_icephys.nwb
20190709_sample_3,YAUVU-3,sub-mouse-YAUVU_ses-20190709-sample-3_slice-20190709-slice-3_cell-20190709-sample-3_icephys,sub-mouse-YAUVU_ses-20190709-sample-3_slice-20190709-slice-3_cell-20190709-sample-3_icephys.nwb
20190709_sample_8,YAUVU-8,sub-mouse-YAUVU_ses-20190709-sample-8_slice-20190709-slice-8_cell-20190709-sample-8_icephys,sub-mouse-YAUVU_ses-20190709-sample-8_slice-20190709-slice-8_cell-20190709-sample-8_icephys.nwb
20190710_sample_10,CSHED-10,sub-mouse-CSHED_ses-20190710-sample-10_slice-20190710-slice-10_cell-20190710-sample-10_icephys,sub-mouse-CSHED_ses-20190710-sample-10_slice-20190710-slice-10_cell-20190710-sample-10_icephys.nwb
20190710_sample_3,KXWIW-3,sub-mouse-KXWIW_ses-20190710-sample-3_slice-20190710-slice-3_cell-20190710-sample-3_icephys,sub-mouse-KXWIW_ses-20190710-sample-3_slice-20190710-slice-3_cell-20190710-sample-3_icephys.nwb
20190710_sample_4,KXWIW-4,sub-mouse-KXWIW_ses-20190710-sample-4_slice-20190710-slice-4_cell-20190710-sample-4_icephys,sub-mouse-KXWIW_ses-20190710-sample-4_slice-20190710-slice-4_cell-20190710-sample-4_icephys.nwb
20190710_sample_5,KXWIW-5,sub-mouse-KXWIW_ses-20190710-sample-5_slice-20190710-slice-5_cell-20190710-sample-5_icephys,sub-mouse-KXWIW_ses-20190710-sample-5_slice-20190710-slice-5_cell-20190710-sample-5_icephys.nwb
20190710_sample_6,KXWIW-6,sub-mouse-KXWIW_ses-20190710-sample-6_slice-20190710-slice-6_cell-20190710-sample-6_icephys,sub-mouse-KXWIW_ses-20190710-sample-6_slice-20190710-slice-6_cell-20190710-sample-6_icephys.nwb
20190710_sample_8,CSHED-8,sub-mouse-CSHED_ses-20190710-sample-8_slice-20190710-slice-8_cell-20190710-sample-8_icephys,sub-mouse-CSHED_ses-20190710-sample-8_slice-20190710-slice-8_cell-20190710-sample-8_icephys.nwb
20190712_sample_1,XFBTK-1,sub-mouse-XFBTK_ses-20190712-sample-1_slice-20190712-slice-1_cell-20190712-sample-1_icephys,sub-mouse-XFBTK_ses-20190712-sample-1_slice-20190712-slice-1_cell-20190712-sample-1_icephys.nwb
20190712_sample_3,XFBTK-3,sub-mouse-XFBTK_ses-20190712-sample-3_slice-20190712-slice-3_cell-20190712-sample-3_icephys,sub-mouse-XFBTK_ses-20190712-sample-3_slice-20190712-slice-3_cell-20190712-sample-3_icephys.nwb
20190712_sample_4,XFBTK-4,sub-mouse-XFBTK_ses-20190712-sample-4_slice-20190712-slice-4_cell-20190712-sample-4_icephys,sub-mouse-XFBTK_ses-20190712-sample-4_slice-20190712-slice-4_cell-20190712-sample-4_icephys.nwb
20190712_sample_5,XFBTK-5,sub-mouse-XFBTK_ses-20190712-sample-5_slice-20190712-slice-5_cell-20190712-sample-5_icephys,sub-mouse-XFBTK_ses-20190712-sample-5_slice-20190712-slice-5_cell-20190712-sample-5_icephys.nwb
20190712_sample_6,XFBTK-6,sub-mouse-XFBTK_ses-20190712-sample-6_slice-20190712-slice-6_cell-20190712-sample-6_icephys,sub-mouse-XFBTK_ses-20190712-sample-6_slice-20190712-slice-6_cell-20190712-sample-6_icephys.nwb
20190712_sample_7,XFBTK-7,sub-mouse-XFBTK_ses-20190712-sample-7_slice-20190712-slice-7_cell-20190712-sample-7_icephys,sub-mouse-XFBTK_ses-20190712-sample-7_slice-20190712-slice-7_cell-20190712-sample-7_icephys.nwb
20190715_sample_1,DOFVQ-1,sub-mouse-DOFVQ_ses-20190715-sample-1_slice-20190715-slice-1_cell-20190715-sample-1_icephys,sub-mouse-DOFVQ_ses-20190715-sample-1_slice-20190715-slice-1_cell-20190715-sample-1_icephys.nwb
20190715_sample_10,XFSYB-10,sub-mouse-XFSYB_ses-20190715-sample-10_slice-20190715-slice-10_cell-20190715-sample-10_icephys,sub-mouse-XFSYB_ses-20190715-sample-10_slice-20190715-slice-10_cell-20190715-sample-10_icephys.nwb
20190715_sample_11,DOFVQ-11,sub-mouse-DOFVQ_ses-20190715-sample-11_slice-20190715-slice-11_cell-20190715-sample-11_icephys,sub-mouse-DOFVQ_ses-20190715-sample-11_slice-20190715-slice-11_cell-20190715-sample-11_icephys.nwb
20190715_sample_4,DOFVQ-4,sub-mouse-DOFVQ_ses-20190715-sample-4_slice-20190715-slice-4_cell-20190715-sample-4_icephys,sub-mouse-DOFVQ_ses-20190715-sample-4_slice-20190715-slice-4_cell-20190715-sample-4_icephys.nwb
20190715_sample_5,XFSYB-5,sub-mouse-XFSYB_ses-20190715-sample-5_slice-20190715-slice-5_cell-20190715-sample-5_icephys,sub-mouse-XFSYB_ses-20190715-sample-5_slice-20190715-slice-5_cell-20190715-sample-5_icephys.nwb
20190715_sample_6,DOFVQ-6,sub-mouse-DOFVQ_ses-20190715-sample-6_slice-20190715-slice-6_cell-20190715-sample-6_icephys,sub-mouse-DOFVQ_ses-20190715-sample-6_slice-20190715-slice-6_cell-20190715-sample-6_icephys.nwb
20190715_sample_7,XFSYB-7,sub-mouse-XFSYB_ses-20190715-sample-7_slice-20190715-slice-7_cell-20190715-sample-7_icephys,sub-mouse-XFSYB_ses-20190715-sample-7_slice-20190715-slice-7_cell-20190715-sample-7_icephys.nwb
20190715_sample_8,DOFVQ-8,sub-mouse-DOFVQ_ses-20190715-sample-8_slice-20190715-slice-8_cell-20190715-sample-8_icephys,sub-mouse-DOFVQ_ses-20190715-sample-8_slice-20190715-slice-8_cell-20190715-sample-8_icephys.nwb
20190715_sample_9,XFSYB-9,sub-mouse-XFSYB_ses-20190715-sample-9_slice-20190715-slice-9_cell-20190715-sample-9_icephys,sub-mouse-XFSYB_ses-20190715-sample-9_slice-20190715-slice-9_cell-20190715-sample-9_icephys.nwb
20190716_sample_1,OKHZS-1,sub-mouse-OKHZS_ses-20190716-sample-1_slice-20190716-slice-1_cell-20190716-sample-1_icephys,sub-mouse-OKHZS_ses-20190716-sample-1_slice-20190716-slice-1_cell-20190716-sample-1_icephys.nwb
20190716_sample_3,OKHZS-3,sub-mouse-OKHZS_ses-20190716-sample-3_slice-20190716-slice-3_cell-20190716-sample-3_icephys,sub-mouse-OKHZS_ses-20190716-sample-3_slice-20190716-slice-3_cell-20190716-sample-3_icephys.nwb
20190716_sample_5,OKHZS-5,sub-mouse-OKHZS_ses-20190716-sample-5_slice-20190716-slice-5_cell-20190716-sample-5_icephys,sub-mouse-OKHZS_ses-20190716-sample-5_slice-20190716-slice-5_cell-20190716-sample-5_icephys.nwb
20190716_sample_7,MLEFZ-7,sub-mouse-MLEFZ_ses-20190716-sample-7_slice-20190716-slice-7_cell-20190716-sample-7_icephys,sub-mouse-MLEFZ_ses-20190716-sample-7_slice-20190716-slice-7_cell-20190716-sample-7_icephys.nwb
20190716_sample_8,MLEFZ-8,sub-mouse-MLEFZ_ses-20190716-sample-8_slice-20190716-slice-8_cell-20190716-sample-8_icephys,sub-mouse-MLEFZ_ses-20190716-sample-8_slice-20190716-slice-8_cell-20190716-sample-8_icephys.nwb
20190716_sample_9,MLEFZ-9,sub-mouse-MLEFZ_ses-20190716-sample-9_slice-20190716-slice-9_cell-20190716-sample-9_icephys,sub-mouse-MLEFZ_ses-20190716-sample-9_slice-20190716-slice-9_cell-20190716-sample-9_icephys.nwb
20190717_sample_1,VDSTA-1,sub-mouse-VDSTA_ses-20190717-sample-1_slice-20190717-slice-1_cell-20190717-sample-1_icephys,sub-mouse-VDSTA_ses-20190717-sample-1_slice-20190717-slice-1_cell-20190717-sample-1_icephys.nwb
20190717_sample_2,VDSTA-2,sub-mouse-VDSTA_ses-20190717-sample-2_slice-20190717-slice-2_cell-20190717-sample-2_icephys,sub-mouse-VDSTA_ses-20190717-sample-2_slice-20190717-slice-2_cell-20190717-sample-2_icephys.nwb
20190717_sample_3,VDSTA-3,sub-mouse-VDSTA_ses-20190717-sample-3_slice-20190717-slice-3_cell-20190717-sample-3_icephys,sub-mouse-VDSTA_ses-20190717-sample-3_slice-20190717-slice-3_cell-20190717-sample-3_icephys.nwb
20190718_sample_1,TQLOA-1,sub-mouse-TQLOA_ses-20190718-sample-1_slice-20190718-slice-1_cell-20190718-sample-1_icephys,sub-mouse-TQLOA_ses-20190718-sample-1_slice-20190718-slice-1_cell-20190718-sample-1_icephys.nwb
20190718_sample_2,TQLOA-2,sub-mouse-TQLOA_ses-20190718-sample-2_slice-20190718-slice-2_cell-20190718-sample-2_icephys,sub-mouse-TQLOA_ses-20190718-sample-2_slice-20190718-slice-2_cell-20190718-sample-2_icephys.nwb
20190718_sample_3,TQLOA-3,sub-mouse-TQLOA_ses-20190718-sample-3_slice-20190718-slice-3_cell-20190718-sample-3_icephys,sub-mouse-TQLOA_ses-20190718-sample-3_slice-20190718-slice-3_cell-20190718-sample-3_icephys.nwb
20190718_sample_4,TQLOA-4,sub-mouse-TQLOA_ses-20190718-sample-4_slice-20190718-slice-4_cell-20190718-sample-4_icephys,sub-mouse-TQLOA_ses-20190718-sample-4_slice-20190718-slice-4_cell-20190718-sample-4_icephys.nwb
20190718_sample_5,TQLOA-5,sub-mouse-TQLOA_ses-20190718-sample-5_slice-20190718-slice-5_cell-20190718-sample-5_icephys,sub-mouse-TQLOA_ses-20190718-sample-5_slice-20190718-slice-5_cell-20190718-sample-5_icephys.nwb
20190718_sample_6,TQLOA-6,sub-mouse-TQLOA_ses-20190718-sample-6_slice-20190718-slice-6_cell-20190718-sample-6_icephys,sub-mouse-TQLOA_ses-20190718-sample-6_slice-20190718-slice-6_cell-20190718-sample-6_icephys.nwb
20190718_sample_7,TQLOA-7,sub-mouse-TQLOA_ses-20190718-sample-7_slice-20190718-slice-7_cell-20190718-sample-7_icephys,sub-mouse-TQLOA_ses-20190718-sample-7_slice-20190718-slice-7_cell-20190718-sample-7_icephys.nwb
20190718_sample_8,TQLOA-8,sub-mouse-TQLOA_ses-20190718-sample-8_slice-20190718-slice-8_cell-20190718-sample-8_icephys,sub-mouse-TQLOA_ses-20190718-sample-8_slice-20190718-slice-8_cell-20190718-sample-8_icephys.nwb
20190718_sample_9,TQLOA-9,sub-mouse-TQLOA_ses-20190718-sample-9_slice-20190718-slice-9_cell-20190718-sample-9_icephys,sub-mouse-TQLOA_ses-20190718-sample-9_slice-20190718-slice-9_cell-20190718-sample-9_icephys.nwb
20190719_sample_1,ZNFEK-1,sub-mouse-ZNFEK_ses-20190719-sample-1_slice-20190719-slice-1_cell-20190719-sample-1_icephys,sub-mouse-ZNFEK_ses-20190719-sample-1_slice-20190719-slice-1_cell-20190719-sample-1_icephys.nwb
20190719_sample_10,ZNFEK-10,sub-mouse-ZNFEK_ses-20190719-sample-10_slice-20190719-slice-8_cell-20190719-sample-10_icephys,sub-mouse-ZNFEK_ses-20190719-sample-10_slice-20190719-slice-8_cell-20190719-sample-10_icephys.nwb
20190719_sample_2,ZNFEK-2,sub-mouse-ZNFEK_ses-20190719-sample-2_slice-20190719-slice-1_cell-20190719-sample-2_icephys,sub-mouse-ZNFEK_ses-20190719-sample-2_slice-20190719-slice-1_cell-20190719-sample-2_icephys.nwb
20190719_sample_4,ZNFEK-4,sub-mouse-ZNFEK_ses-20190719-sample-4_slice-20190719-slice-2_cell-20190719-sample-4_icephys,sub-mouse-ZNFEK_ses-20190719-sample-4_slice-20190719-slice-2_cell-20190719-sample-4_icephys.nwb
20190719_sample_5,ZNFEK-5,sub-mouse-ZNFEK_ses-20190719-sample-5_slice-20190719-slice-3_cell-20190719-sample-5_icephys,sub-mouse-ZNFEK_ses-20190719-sample-5_slice-20190719-slice-3_cell-20190719-sample-5_icephys.nwb
20190719_sample_6,ZNFEK-6,sub-mouse-ZNFEK_ses-20190719-sample-6_slice-20190719-slice-4_cell-20190719-sample-6_icephys,sub-mouse-ZNFEK_ses-20190719-sample-6_slice-20190719-slice-4_cell-20190719-sample-6_icephys.nwb
20190719_sample_9,ZNFEK-9,sub-mouse-ZNFEK_ses-20190719-sample-9_slice-20190719-slice-7_cell-20190719-sample-9_icephys,sub-mouse-ZNFEK_ses-20190719-sample-9_slice-20190719-slice-7_cell-20190719-sample-9_icephys.nwb
20190722_sample_1,DMKCA-1,sub-mouse-DMKCA_ses-20190722-sample-1_slice-20190722-slice-1_cell-20190722-sample-1_icephys,sub-mouse-DMKCA_ses-20190722-sample-1_slice-20190722-slice-1_cell-20190722-sample-1_icephys.nwb
20190722_sample_6,DMKCA-6,sub-mouse-DMKCA_ses-20190722-sample-6_slice-20190722-slice-6_cell-20190722-sample-6_icephys,sub-mouse-DMKCA_ses-20190722-sample-6_slice-20190722-slice-6_cell-20190722-sample-6_icephys.nwb
20190722_sample_7,DMKCA-7,sub-mouse-DMKCA_ses-20190722-sample-7_slice-20190722-slice-7_cell-20190722-sample-7_icephys,sub-mouse-DMKCA_ses-20190722-sample-7_slice-20190722-slice-7_cell-20190722-sample-7_icephys.nwb
20190722_sample_8,DMKCA-8,sub-mouse-DMKCA_ses-20190722-sample-8_slice-20190722-slice-8_cell-20190722-sample-8_icephys,sub-mouse-DMKCA_ses-20190722-sample-8_slice-20190722-slice-8_cell-20190722-sample-8_icephys.nwb
20190724_sample_1,FRXJE-1,sub-mouse-FRXJE_ses-20190724-sample-1_slice-20190724-slice-1_cell-20190724-sample-1_icephys,sub-mouse-FRXJE_ses-20190724-sample-1_slice-20190724-slice-1_cell-20190724-sample-1_icephys.nwb
20190724_sample_10,WJLBM-10,sub-mouse-WJLBM_ses-20190724-sample-10_slice-20190724-slice-10_cell-20190724-sample-10_icephys,sub-mouse-WJLBM_ses-20190724-sample-10_slice-20190724-slice-10_cell-20190724-sample-10_icephys.nwb
20190724_sample_12,WJLBM-12,sub-mouse-WJLBM_ses-20190724-sample-12_slice-20190724-slice-12_cell-20190724-sample-12_icephys,sub-mouse-WJLBM_ses-20190724-sample-12_slice-20190724-slice-12_cell-20190724-sample-12_icephys.nwb
20190724_sample_16,WJLBM-16,sub-mouse-WJLBM_ses-20190724-sample-16_slice-20190724-slice-16_cell-20190724-sample-16_icephys,sub-mouse-WJLBM_ses-20190724-sample-16_slice-20190724-slice-16_cell-20190724-sample-16_icephys.nwb
20190724_sample_2,FRXJE-2,sub-mouse-FRXJE_ses-20190724-sample-2_slice-20190724-slice-2_cell-20190724-sample-2_icephys,sub-mouse-FRXJE_ses-20190724-sample-2_slice-20190724-slice-2_cell-20190724-sample-2_icephys.nwb
20190724_sample_4,FRXJE-4,sub-mouse-FRXJE_ses-20190724-sample-4_slice-20190724-slice-4_cell-20190724-sample-4_icephys,sub-mouse-FRXJE_ses-20190724-sample-4_slice-20190724-slice-4_cell-20190724-sample-4_icephys.nwb
20190724_sample_5,FRXJE-5,sub-mouse-FRXJE_ses-20190724-sample-5_slice-20190724-slice-5_cell-20190724-sample-5_icephys,sub-mouse-FRXJE_ses-20190724-sample-5_slice-20190724-slice-5_cell-20190724-sample-5_icephys.nwb
20190724_sample_6,FRXJE-6,sub-mouse-FRXJE_ses-20190724-sample-6_slice-20190724-slice-6_cell-20190724-sample-6_icephys,sub-mouse-FRXJE_ses-20190724-sample-6_slice-20190724-slice-6_cell-20190724-sample-6_icephys.nwb
20190724_sample_9,FRXJE-9,sub-mouse-FRXJE_ses-20190724-sample-9_slice-20190724-slice-9_cell-20190724-sample-9_icephys,sub-mouse-FRXJE_ses-20190724-sample-9_slice-20190724-slice-9_cell-20190724-sample-9_icephys.nwb
20190725_sample_1,HBTAE-1,sub-mouse-HBTAE_ses-20190725-sample-1_slice-20190725-slice-1_cell-20190725-sample-1_icephys,sub-mouse-HBTAE_ses-20190725-sample-1_slice-20190725-slice-1_cell-20190725-sample-1_icephys.nwb
20190725_sample_10,HBTAE-10,sub-mouse-HBTAE_ses-20190725-sample-10_slice-20190725-slice-10_cell-20190725-sample-10_icephys,sub-mouse-HBTAE_ses-20190725-sample-10_slice-20190725-slice-10_cell-20190725-sample-10_icephys.nwb
20190725_sample_3,HBTAE-3,sub-mouse-HBTAE_ses-20190725-sample-3_slice-20190725-slice-3_cell-20190725-sample-3_icephys,sub-mouse-HBTAE_ses-20190725-sample-3_slice-20190725-slice-3_cell-20190725-sample-3_icephys.nwb
20190725_sample_4,HBTAE-4,sub-mouse-HBTAE_ses-20190725-sample-4_slice-20190725-slice-4_cell-20190725-sample-4_icephys,sub-mouse-HBTAE_ses-20190725-sample-4_slice-20190725-slice-4_cell-20190725-sample-4_icephys.nwb
20190725_sample_5,HBTAE-5,sub-mouse-HBTAE_ses-20190725-sample-5_slice-20190725-slice-5_cell-20190725-sample-5_icephys,sub-mouse-HBTAE_ses-20190725-sample-5_slice-20190725-slice-5_cell-20190725-sample-5_icephys.nwb
20190725_sample_6,HBTAE-6,sub-mouse-HBTAE_ses-20190725-sample-6_slice-20190725-slice-6_cell-20190725-sample-6_icephys,sub-mouse-HBTAE_ses-20190725-sample-6_slice-20190725-slice-6_cell-20190725-sample-6_icephys.nwb
20190725_sample_7,HBTAE-7,sub-mouse-HBTAE_ses-20190725-sample-7_slice-20190725-slice-7_cell-20190725-sample-7_icephys,sub-mouse-HBTAE_ses-20190725-sample-7_slice-20190725-slice-7_cell-20190725-sample-7_icephys.nwb
20190725_sample_8,HBTAE-8,sub-mouse-HBTAE_ses-20190725-sample-8_slice-20190725-slice-8_cell-20190725-sample-8_icephys,sub-mouse-HBTAE_ses-20190725-sample-8_slice-20190725-slice-8_cell-20190725-sample-8_icephys.nwb
20190725_sample_9,HBTAE-9,sub-mouse-HBTAE_ses-20190725-sample-9_slice-20190725-slice-9_cell-20190725-sample-9_icephys,sub-mouse-HBTAE_ses-20190725-sample-9_slice-20190725-slice-9_cell-20190725-sample-9_icephys.nwb
20190726_sample_1,IQIKO-1,sub-mouse-IQIKO_ses-20190726-sample-1_slice-20190726-slice-1_cell-20190726-sample-1_icephys,sub-mouse-IQIKO_ses-20190726-sample-1_slice-20190726-slice-1_cell-20190726-sample-1_icephys.nwb
20190726_sample_2,IQIKO-2,sub-mouse-IQIKO_ses-20190726-sample-2_slice-20190726-slice-2_cell-20190726-sample-2_icephys,sub-mouse-IQIKO_ses-20190726-sample-2_slice-20190726-slice-2_cell-20190726-sample-2_icephys.nwb
20190726_sample_3,IQIKO-3,sub-mouse-IQIKO_ses-20190726-sample-3_slice-20190726-slice-3_cell-20190726-sample-3_icephys,sub-mouse-IQIKO_ses-20190726-sample-3_slice-20190726-slice-3_cell-20190726-sample-3_icephys.nwb
20190726_sample_4,IQIKO-4,sub-mouse-IQIKO_ses-20190726-sample-4_slice-20190726-slice-4_cell-20190726-sample-4_icephys,sub-mouse-IQIKO_ses-20190726-sample-4_slice-20190726-slice-4_cell-20190726-sample-4_icephys.nwb
20190726_sample_5,IQIKO-5,sub-mouse-IQIKO_ses-20190726-sample-5_slice-20190726-slice-5_cell-20190726-sample-5_icephys,sub-mouse-IQIKO_ses-20190726-sample-5_slice-20190726-slice-5_cell-20190726-sample-5_icephys.nwb
20190726_sample_6,IQIKO-6,sub-mouse-IQIKO_ses-20190726-sample-6_slice-20190726-slice-6_cell-20190726-sample-6_icephys,sub-mouse-IQIKO_ses-20190726-sample-6_slice-20190726-slice-6_cell-20190726-sample-6_icephys.nwb
20190726_sample_7,IQIKO-7,sub-mouse-IQIKO_ses-20190726-sample-7_slice-20190726-slice-7_cell-20190726-sample-7_icephys,sub-mouse-IQIKO_ses-20190726-sample-7_slice-20190726-slice-7_cell-20190726-sample-7_icephys.nwb
20190729_sample_2,XFWCQ-2,sub-mouse-XFWCQ_ses-20190729-sample-2_slice-20190729-slice-2_cell-20190729-sample-2_icephys,sub-mouse-XFWCQ_ses-20190729-sample-2_slice-20190729-slice-2_cell-20190729-sample-2_icephys.nwb
20190729_sample_3,XFWCQ-3,sub-mouse-XFWCQ_ses-20190729-sample-3_slice-20190729-slice-3_cell-20190729-sample-3_icephys,sub-mouse-XFWCQ_ses-20190729-sample-3_slice-20190729-slice-3_cell-20190729-sample-3_icephys.nwb
20190729_sample_5,XFWCQ-5,sub-mouse-XFWCQ_ses-20190729-sample-5_slice-20190729-slice-5_cell-20190729-sample-5_icephys,sub-mouse-XFWCQ_ses-20190729-sample-5_slice-20190729-slice-5_cell-20190729-sample-5_icephys.nwb
20190730_sample_1,ELRNU-1,sub-mouse-ELRNU_ses-20190730-sample-1_slice-20190730-slice-1_cell-20190730-sample-1_icephys,sub-mouse-ELRNU_ses-20190730-sample-1_slice-20190730-slice-1_cell-20190730-sample-1_icephys.nwb
20190730_sample_2,ELRNU-2,sub-mouse-ELRNU_ses-20190730-sample-2_slice-20190730-slice-2_cell-20190730-sample-2_icephys,sub-mouse-ELRNU_ses-20190730-sample-2_slice-20190730-slice-2_cell-20190730-sample-2_icephys.nwb
20190730_sample_5,ELRNU-5,sub-mouse-ELRNU_ses-20190730-sample-5_slice-20190730-slice-5_cell-20190730-sample-5_icephys,sub-mouse-ELRNU_ses-20190730-sample-5_slice-20190730-slice-5_cell-20190730-sample-5_icephys.nwb
20190730_sample_6,ELRNU-6,sub-mouse-ELRNU_ses-20190730-sample-6_slice-20190730-slice-6_cell-20190730-sample-6_icephys,sub-mouse-ELRNU_ses-20190730-sample-6_slice-20190730-slice-6_cell-20190730-sample-6_icephys.nwb
20190730_sample_7,ELRNU-7,sub-mouse-ELRNU_ses-20190730-sample-7_slice-20190730-slice-7_cell-20190730-sample-7_icephys,sub-mouse-ELRNU_ses-20190730-sample-7_slice-20190730-slice-7_cell-20190730-sample-7_icephys.nwb
20190730_sample_9,ELRNU-9,sub-mouse-ELRNU_ses-20190730-sample-9_slice-20190730-slice-9_cell-20190730-sample-9_icephys,sub-mouse-ELRNU_ses-20190730-sample-9_slice-20190730-slice-9_cell-20190730-sample-9_icephys.nwb
20190731_sample_1,XKIBL-1,sub-mouse-XKIBL_ses-20190731-sample-1_slice-20190731-slice-1_cell-20190731-sample-1_icephys,sub-mouse-XKIBL_ses-20190731-sample-1_slice-20190731-slice-1_cell-20190731-sample-1_icephys.nwb
20190731_sample_2,XKIBL-2,sub-mouse-XKIBL_ses-20190731-sample-2_slice-20190731-slice-2_cell-20190731-sample-2_icephys,sub-mouse-XKIBL_ses-20190731-sample-2_slice-20190731-slice-2_cell-20190731-sample-2_icephys.nwb
20190731_sample_3,XKIBL-3,sub-mouse-XKIBL_ses-20190731-sample-3_slice-20190731-slice-3_cell-20190731-sample-3_icephys,sub-mouse-XKIBL_ses-20190731-sample-3_slice-20190731-slice-3_cell-20190731-sample-3_icephys.nwb
20190731_sample_4,XKIBL-4,sub-mouse-XKIBL_ses-20190731-sample-4_slice-20190731-slice-4_cell-20190731-sample-4_icephys,sub-mouse-XKIBL_ses-20190731-sample-4_slice-20190731-slice-4_cell-20190731-sample-4_icephys.nwb
20190731_sample_5,XKIBL-5,sub-mouse-XKIBL_ses-20190731-sample-5_slice-20190731-slice-5_cell-20190731-sample-5_icephys,sub-mouse-XKIBL_ses-20190731-sample-5_slice-20190731-slice-5_cell-20190731-sample-5_icephys.nwb
20190731_sample_6,XKIBL-6,sub-mouse-XKIBL_ses-20190731-sample-6_slice-20190731-slice-6_cell-20190731-sample-6_icephys,sub-mouse-XKIBL_ses-20190731-sample-6_slice-20190731-slice-6_cell-20190731-sample-6_icephys.nwb
20190731_sample_8,XKIBL-8,sub-mouse-XKIBL_ses-20190731-sample-8_slice-20190731-slice-8_cell-20190731-sample-8_icephys,sub-mouse-XKIBL_ses-20190731-sample-8_slice-20190731-slice-8_cell-20190731-sample-8_icephys.nwb
20190801_sample_1,CCAHV-1,sub-mouse-CCAHV_ses-20190801-sample-1_slice-20190801-slice-1_cell-20190801-sample-1_icephys,sub-mouse-CCAHV_ses-20190801-sample-1_slice-20190801-slice-1_cell-20190801-sample-1_icephys.nwb
20190801_sample_2,CCAHV-2,sub-mouse-CCAHV_ses-20190801-sample-2_slice-20190801-slice-2_cell-20190801-sample-2_icephys,sub-mouse-CCAHV_ses-20190801-sample-2_slice-20190801-slice-2_cell-20190801-sample-2_icephys.nwb
20190801_sample_3,CCAHV-3,sub-mouse-CCAHV_ses-20190801-sample-3_slice-20190801-slice-3_cell-20190801-sample-3_icephys,sub-mouse-CCAHV_ses-20190801-sample-3_slice-20190801-slice-3_cell-20190801-sample-3_icephys.nwb
20190801_sample_4,CCAHV-4,sub-mouse-CCAHV_ses-20190801-sample-4_slice-20190801-slice-4_cell-20190801-sample-4_icephys,sub-mouse-CCAHV_ses-20190801-sample-4_slice-20190801-slice-4_cell-20190801-sample-4_icephys.nwb
20190801_sample_7,CCAHV-7,sub-mouse-CCAHV_ses-20190801-sample-7_slice-20190801-slice-7_cell-20190801-sample-7_icephys,sub-mouse-CCAHV_ses-20190801-sample-7_slice-20190801-slice-7_cell-20190801-sample-7_icephys.nwb
20190801_sample_8,CCAHV-8,sub-mouse-CCAHV_ses-20190801-sample-8_slice-20190801-slice-8_cell-20190801-sample-8_icephys,sub-mouse-CCAHV_ses-20190801-sample-8_slice-20190801-slice-8_cell-20190801-sample-8_icephys.nwb
20190820_sample_1,HKIEN-1,sub-mouse-HKIEN_ses-20190820-sample-1_slice-20190820-slice-1_cell-20190820-sample-1_icephys,sub-mouse-HKIEN_ses-20190820-sample-1_slice-20190820-slice-1_cell-20190820-sample-1_icephys.nwb
20190820_sample_2,HKIEN-2,sub-mouse-HKIEN_ses-20190820-sample-2_slice-20190820-slice-2_cell-20190820-sample-2_icephys,sub-mouse-HKIEN_ses-20190820-sample-2_slice-20190820-slice-2_cell-20190820-sample-2_icephys.nwb
20190820_sample_3,HKIEN-3,sub-mouse-HKIEN_ses-20190820-sample-3_slice-20190820-slice-3_cell-20190820-sample-3_icephys,sub-mouse-HKIEN_ses-20190820-sample-3_slice-20190820-slice-3_cell-20190820-sample-3_icephys.nwb
20190820_sample_5,HKIEN-5,sub-mouse-HKIEN_ses-20190820-sample-5_slice-20190820-slice-5_cell-20190820-sample-5_icephys,sub-mouse-HKIEN_ses-20190820-sample-5_slice-20190820-slice-5_cell-20190820-sample-5_icephys.nwb
20190820_sample_6,HKIEN-6,sub-mouse-HKIEN_ses-20190820-sample-6_slice-20190820-slice-6_cell-20190820-sample-6_icephys,sub-mouse-HKIEN_ses-20190820-sample-6_slice-20190820-slice-6_cell-20190820-sample-6_icephys.nwb
20190821_sample_1,CUEES-1,sub-mouse-CUEES_ses-20190821-sample-1_slice-20190821-slice-1_cell-20190821-sample-1_icephys,sub-mouse-CUEES_ses-20190821-sample-1_slice-20190821-slice-1_cell-20190821-sample-1_icephys.nwb
20190821_sample_2,CUEES-2,sub-mouse-CUEES_ses-20190821-sample-2_slice-20190821-slice-2_cell-20190821-sample-2_icephys,sub-mouse-CUEES_ses-20190821-sample-2_slice-20190821-slice-2_cell-20190821-sample-2_icephys.nwb
20190821_sample_3,CUEES-3,sub-mouse-CUEES_ses-20190821-sample-3_slice-20190821-slice-3_cell-20190821-sample-3_icephys,sub-mouse-CUEES_ses-20190821-sample-3_slice-20190821-slice-3_cell-20190821-sample-3_icephys.nwb
20190821_sample_4,CUEES-4,sub-mouse-CUEES_ses-20190821-sample-4_slice-20190821-slice-4_cell-20190821-sample-4_icephys,sub-mouse-CUEES_ses-20190821-sample-4_slice-20190821-slice-4_cell-20190821-sample-4_icephys.nwb
20190821_sample_5,CUEES-5,sub-mouse-CUEES_ses-20190821-sample-5_slice-20190821-slice-5_cell-20190821-sample-5_icephys,sub-mouse-CUEES_ses-20190821-sample-5_slice-20190821-slice-5_cell-20190821-sample-5_icephys.nwb
20190821_sample_6,CUEES-6,sub-mouse-CUEES_ses-20190821-sample-6_slice-20190821-slice-6_cell-20190821-sample-6_icephys,sub-mouse-CUEES_ses-20190821-sample-6_slice-20190821-slice-6_cell-20190821-sample-6_icephys.nwb
20190821_sample_7,CUEES-7,sub-mouse-CUEES_ses-20190821-sample-7_slice-20190821-slice-7_cell-20190821-sample-7_icephys,sub-mouse-CUEES_ses-20190821-sample-7_slice-20190821-slice-7_cell-20190821-sample-7_icephys.nwb
20190823_sample_1,NZDYM-1,sub-mouse-NZDYM_ses-20190823-sample-1_slice-20190823-slice-1_cell-20190823-sample-1_icephys,sub-mouse-NZDYM_ses-20190823-sample-1_slice-20190823-slice-1_cell-20190823-sample-1_icephys.nwb
20190823_sample_3,NZDYM-3,sub-mouse-NZDYM_ses-20190823-sample-3_slice-20190823-slice-3_cell-20190823-sample-3_icephys,sub-mouse-NZDYM_ses-20190823-sample-3_slice-20190823-slice-3_cell-20190823-sample-3_icephys.nwb
20190823_sample_5,NZDYM-5,sub-mouse-NZDYM_ses-20190823-sample-5_slice-20190823-slice-4_cell-20190823-sample-5_icephys,sub-mouse-NZDYM_ses-20190823-sample-5_slice-20190823-slice-4_cell-20190823-sample-5_icephys.nwb
20190823_sample_6,NZDYM-6,sub-mouse-NZDYM_ses-20190823-sample-6_slice-20190823-slice-5_cell-20190823-sample-6_icephys,sub-mouse-NZDYM_ses-20190823-sample-6_slice-20190823-slice-5_cell-20190823-sample-6_icephys.nwb
20190823_sample_7,NZDYM-7,sub-mouse-NZDYM_ses-20190823-sample-7_slice-20190823-slice-6_cell-20190823-sample-7_icephys,sub-mouse-NZDYM_ses-20190823-sample-7_slice-20190823-slice-6_cell-20190823-sample-7_icephys.nwb
20190827_sample_1,JYRHH-1,sub-mouse-JYRHH_ses-20190827-sample-1_slice-20190827-slice-1_cell-20190827-sample-1_icephys,sub-mouse-JYRHH_ses-20190827-sample-1_slice-20190827-slice-1_cell-20190827-sample-1_icephys.nwb
20190827_sample_2,JYRHH-2,sub-mouse-JYRHH_ses-20190827-sample-2_slice-20190827-slice-2_cell-20190827-sample-2_icephys,sub-mouse-JYRHH_ses-20190827-sample-2_slice-20190827-slice-2_cell-20190827-sample-2_icephys.nwb
20190827_sample_3,JYRHH-3,sub-mouse-JYRHH_ses-20190827-sample-3_slice-20190827-slice-2_cell-20190827-sample-3_icephys,sub-mouse-JYRHH_ses-20190827-sample-3_slice-20190827-slice-2_cell-20190827-sample-3_icephys.nwb
20190827_sample_4,JYRHH-4,sub-mouse-JYRHH_ses-20190827-sample-4_slice-20190827-slice-3_cell-20190827-sample-4_icephys,sub-mouse-JYRHH_ses-20190827-sample-4_slice-20190827-slice-3_cell-20190827-sample-4_icephys.nwb
20190827_sample_5,JYRHH-5,sub-mouse-JYRHH_ses-20190827-sample-5_slice-20190827-slice-3_cell-20190827-sample-5_icephys,sub-mouse-JYRHH_ses-20190827-sample-5_slice-20190827-slice-3_cell-20190827-sample-5_icephys.nwb
20190827_sample_6,JYRHH-6,sub-mouse-JYRHH_ses-20190827-sample-6_slice-20190827-slice-4_cell-20190827-sample-6_icephys,sub-mouse-JYRHH_ses-20190827-sample-6_slice-20190827-slice-4_cell-20190827-sample-6_icephys.nwb
20190827_sample_7,JYRHH-7,sub-mouse-JYRHH_ses-20190827-sample-7_slice-20190827-slice-5_cell-20190827-sample-7_icephys,sub-mouse-JYRHH_ses-20190827-sample-7_slice-20190827-slice-5_cell-20190827-sample-7_icephys.nwb
20190827_sample_8,JYRHH-8,sub-mouse-JYRHH_ses-20190827-sample-8_slice-20190827-slice-6_cell-20190827-sample-8_icephys,sub-mouse-JYRHH_ses-20190827-sample-8_slice-20190827-slice-6_cell-20190827-sample-8_icephys.nwb
20190827_sample_9,JYRHH-9,sub-mouse-JYRHH_ses-20190827-sample-9_slice-20190827-slice-6_cell-20190827-sample-9_icephys,sub-mouse-JYRHH_ses-20190827-sample-9_slice-20190827-slice-6_cell-20190827-sample-9_icephys.nwb
20190828_sample_1,GHNSF-1,sub-mouse-GHNSF_ses-20190828-sample-1_slice-20190828-slice-1_cell-20190828-sample-1_icephys,sub-mouse-GHNSF_ses-20190828-sample-1_slice-20190828-slice-1_cell-20190828-sample-1_icephys.nwb
20190828_sample_3,GHNSF-3,sub-mouse-GHNSF_ses-20190828-sample-3_slice-20190828-slice-3_cell-20190828-sample-3_icephys,sub-mouse-GHNSF_ses-20190828-sample-3_slice-20190828-slice-3_cell-20190828-sample-3_icephys.nwb
20190828_sample_4,GHNSF-4,sub-mouse-GHNSF_ses-20190828-sample-4_slice-20190828-slice-4_cell-20190828-sample-4_icephys,sub-mouse-GHNSF_ses-20190828-sample-4_slice-20190828-slice-4_cell-20190828-sample-4_icephys.nwb
20190828_sample_5,GHNSF-5,sub-mouse-GHNSF_ses-20190828-sample-5_slice-20190828-slice-5_cell-20190828-sample-5_icephys,sub-mouse-GHNSF_ses-20190828-sample-5_slice-20190828-slice-5_cell-20190828-sample-5_icephys.nwb
20190828_sample_6,GHNSF-6,sub-mouse-GHNSF_ses-20190828-sample-6_slice-20190828-slice-6_cell-20190828-sample-6_icephys,sub-mouse-GHNSF_ses-20190828-sample-6_slice-20190828-slice-6_cell-20190828-sample-6_icephys.nwb
20190828_sample_7,GHNSF-7,sub-mouse-GHNSF_ses-20190828-sample-7_slice-20190828-slice-7_cell-20190828-sample-7_icephys,sub-mouse-GHNSF_ses-20190828-sample-7_slice-20190828-slice-7_cell-20190828-sample-7_icephys.nwb
20190829_sample_1,AWOAY-1,sub-mouse-AWOAY_ses-20190829-sample-1_slice-20190829-slice-1_cell-20190829-sample-1_icephys,sub-mouse-AWOAY_ses-20190829-sample-1_slice-20190829-slice-1_cell-20190829-sample-1_icephys.nwb
20190829_sample_2,AWOAY-2,sub-mouse-AWOAY_ses-20190829-sample-2_slice-20190829-slice-2_cell-20190829-sample-2_icephys,sub-mouse-AWOAY_ses-20190829-sample-2_slice-20190829-slice-2_cell-20190829-sample-2_icephys.nwb
20190829_sample_3,AWOAY-3,sub-mouse-AWOAY_ses-20190829-sample-3_slice-20190829-slice-3_cell-20190829-sample-3_icephys,sub-mouse-AWOAY_ses-20190829-sample-3_slice-20190829-slice-3_cell-20190829-sample-3_icephys.nwb
20190829_sample_4,AWOAY-4,sub-mouse-AWOAY_ses-20190829-sample-4_slice-20190829-slice-3_cell-20190829-sample-4_icephys,sub-mouse-AWOAY_ses-20190829-sample-4_slice-20190829-slice-3_cell-20190829-sample-4_icephys.nwb
20190829_sample_6,AWOAY-6,sub-mouse-AWOAY_ses-20190829-sample-6_slice-20190829-slice-4_cell-20190829-sample-6_icephys,sub-mouse-AWOAY_ses-20190829-sample-6_slice-20190829-slice-4_cell-20190829-sample-6_icephys.nwb
20190829_sample_9,AWOAY-9,sub-mouse-AWOAY_ses-20190829-sample-9_slice-20190829-slice-7_cell-20190829-sample-9_icephys,sub-mouse-AWOAY_ses-20190829-sample-9_slice-20190829-slice-7_cell-20190829-sample-9_icephys.nwb
20190830_sample_1,QAOWB-1,sub-mouse-QAOWB_ses-20190830-sample-1_slice-20190830-slice-1_cell-20190830-sample-1_icephys,sub-mouse-QAOWB_ses-20190830-sample-1_slice-20190830-slice-1_cell-20190830-sample-1_icephys.nwb
20190830_sample_2,QAOWB-2,sub-mouse-QAOWB_ses-20190830-sample-2_slice-20190830-slice-2_cell-20190830-sample-2_icephys,sub-mouse-QAOWB_ses-20190830-sample-2_slice-20190830-slice-2_cell-20190830-sample-2_icephys.nwb
20190830_sample_3,QAOWB-3,sub-mouse-QAOWB_ses-20190830-sample-3_slice-20190830-slice-3_cell-20190830-sample-3_icephys,sub-mouse-QAOWB_ses-20190830-sample-3_slice-20190830-slice-3_cell-20190830-sample-3_icephys.nwb
20190830_sample_4,QAOWB-4,sub-mouse-QAOWB_ses-20190830-sample-4_slice-20190830-slice-3_cell-20190830-sample-4_icephys,sub-mouse-QAOWB_ses-20190830-sample-4_slice-20190830-slice-3_cell-20190830-sample-4_icephys.nwb
20190830_sample_6,QAOWB-6,sub-mouse-QAOWB_ses-20190830-sample-6_slice-20190830-slice-5_cell-20190830-sample-6_icephys,sub-mouse-QAOWB_ses-20190830-sample-6_slice-20190830-slice-5_cell-20190830-sample-6_icephys.nwb
20190830_sample_8,QAOWB-8,sub-mouse-QAOWB_ses-20190830-sample-8_slice-20190830-slice-7_cell-20190830-sample-8_icephys,sub-mouse-QAOWB_ses-20190830-sample-8_slice-20190830-slice-7_cell-20190830-sample-8_icephys.nwb
20190830_sample_9,QAOWB-9,sub-mouse-QAOWB_ses-20190830-sample-9_slice-20190830-slice-7_cell-20190830-sample-9_icephys,sub-mouse-QAOWB_ses-20190830-sample-9_slice-20190830-slice-7_cell-20190830-sample-9_icephys.nwb
20190904_sample_1,NUHHS-1,sub-mouse-NUHHS_ses-20190904-sample-1_slice-20190904-slice-1_cell-20190904-sample-1_icephys,sub-mouse-NUHHS_ses-20190904-sample-1_slice-20190904-slice-1_cell-20190904-sample-1_icephys.nwb
20190904_sample_2,NUHHS-2,sub-mouse-NUHHS_ses-20190904-sample-2_slice-20190904-slice-2_cell-20190904-sample-2_icephys,sub-mouse-NUHHS_ses-20190904-sample-2_slice-20190904-slice-2_cell-20190904-sample-2_icephys.nwb
20190904_sample_3,NUHHS-3,sub-mouse-NUHHS_ses-20190904-sample-3_slice-20190904-slice-3_cell-20190904-sample-3_icephys,sub-mouse-NUHHS_ses-20190904-sample-3_slice-20190904-slice-3_cell-20190904-sample-3_icephys.nwb
20190904_sample_4,NUHHS-4,sub-mouse-NUHHS_ses-20190904-sample-4_slice-20190904-slice-4_cell-20190904-sample-4_icephys,sub-mouse-NUHHS_ses-20190904-sample-4_slice-20190904-slice-4_cell-20190904-sample-4_icephys.nwb
20190904_sample_5,NUHHS-5,sub-mouse-NUHHS_ses-20190904-sample-5_slice-20190904-slice-5_cell-20190904-sample-5_icephys,sub-mouse-NUHHS_ses-20190904-sample-5_slice-20190904-slice-5_cell-20190904-sample-5_icephys.nwb
20190904_sample_7,NUHHS-7,sub-mouse-NUHHS_ses-20190904-sample-7_slice-20190904-slice-7_cell-20190904-sample-7_icephys,sub-mouse-NUHHS_ses-20190904-sample-7_slice-20190904-slice-7_cell-20190904-sample-7_icephys.nwb
20190905_sample_1,GSFFC-1,sub-mouse-GSFFC_ses-20190905-sample-1_slice-20190905-slice-1_cell-20190905-sample-1_icephys,sub-mouse-GSFFC_ses-20190905-sample-1_slice-20190905-slice-1_cell-20190905-sample-1_icephys.nwb
20190905_sample_3,GSFFC-3,sub-mouse-GSFFC_ses-20190905-sample-3_slice-20190905-slice-3_cell-20190905-sample-3_icephys,sub-mouse-GSFFC_ses-20190905-sample-3_slice-20190905-slice-3_cell-20190905-sample-3_icephys.nwb
20190906_sample_1,GSHJT-1,sub-mouse-GSHJT_ses-20190906-sample-1_slice-20190906-slice-1_cell-20190906-sample-1_icephys,sub-mouse-GSHJT_ses-20190906-sample-1_slice-20190906-slice-1_cell-20190906-sample-1_icephys.nwb
20190906_sample_5,GSHJT-5,sub-mouse-GSHJT_ses-20190906-sample-5_slice-20190906-slice-3_cell-20190906-sample-5_icephys,sub-mouse-GSHJT_ses-20190906-sample-5_slice-20190906-slice-3_cell-20190906-sample-5_icephys.nwb
20190906_sample_6,GSHJT-6,sub-mouse-GSHJT_ses-20190906-sample-6_slice-20190906-slice-4_cell-20190906-sample-6_icephys,sub-mouse-GSHJT_ses-20190906-sample-6_slice-20190906-slice-4_cell-20190906-sample-6_icephys.nwb
20190910_sample_1,OOATG-1,sub-mouse-OOATG_ses-20190910-sample-1_slice-20190910-slice-1_cell-20190910-sample-1_icephys,sub-mouse-OOATG_ses-20190910-sample-1_slice-20190910-slice-1_cell-20190910-sample-1_icephys.nwb
20190910_sample_2,OOATG-2,sub-mouse-OOATG_ses-20190910-sample-2_slice-20190910-slice-2_cell-20190910-sample-2_icephys,sub-mouse-OOATG_ses-20190910-sample-2_slice-20190910-slice-2_cell-20190910-sample-2_icephys.nwb
20190910_sample_3,OOATG-3,sub-mouse-OOATG_ses-20190910-sample-3_slice-20190910-slice-3_cell-20190910-sample-3_icephys,sub-mouse-OOATG_ses-20190910-sample-3_slice-20190910-slice-3_cell-20190910-sample-3_icephys.nwb
20190910_sample_4,OOATG-4,sub-mouse-OOATG_ses-20190910-sample-4_slice-20190910-slice-4_cell-20190910-sample-4_icephys,sub-mouse-OOATG_ses-20190910-sample-4_slice-20190910-slice-4_cell-20190910-sample-4_icephys.nwb
20190910_sample_6,OOATG-6,sub-mouse-OOATG_ses-20190910-sample-6_slice-20190910-slice-5_cell-20190910-sample-6_icephys,sub-mouse-OOATG_ses-20190910-sample-6_slice-20190910-slice-5_cell-20190910-sample-6_icephys.nwb
20190911_sample_3,DFYAE-3,sub-mouse-DFYAE_ses-20190911-sample-3_slice-20190911-slice-3_cell-20190911-sample-3_icephys,sub-mouse-DFYAE_ses-20190911-sample-3_slice-20190911-slice-3_cell-20190911-sample-3_icephys.nwb
20190911_sample_4,DFYAE-4,sub-mouse-DFYAE_ses-20190911-sample-4_slice-20190911-slice-4_cell-20190911-sample-4_icephys,sub-mouse-DFYAE_ses-20190911-sample-4_slice-20190911-slice-4_cell-20190911-sample-4_icephys.nwb
20190911_sample_6,DFYAE-6,sub-mouse-DFYAE_ses-20190911-sample-6_slice-20190911-slice-5_cell-20190911-sample-6_icephys,sub-mouse-DFYAE_ses-20190911-sample-6_slice-20190911-slice-5_cell-20190911-sample-6_icephys.nwb
20190911_sample_7,DFYAE-7,sub-mouse-DFYAE_ses-20190911-sample-7_slice-20190911-slice-6_cell-20190911-sample-7_icephys,sub-mouse-DFYAE_ses-20190911-sample-7_slice-20190911-slice-6_cell-20190911-sample-7_icephys.nwb
20190911_sample_9,DFYAE-9,sub-mouse-DFYAE_ses-20190911-sample-9_slice-20190911-slice-8_cell-20190911-sample-9_icephys,sub-mouse-DFYAE_ses-20190911-sample-9_slice-20190911-slice-8_cell-20190911-sample-9_icephys.nwb
20190912_sample_1,WADVB-1,sub-mouse-WADVB_ses-20190912-sample-1_slice-20190912-slice-1_cell-20190912-sample-1_icephys,sub-mouse-WADVB_ses-20190912-sample-1_slice-20190912-slice-1_cell-20190912-sample-1_icephys.nwb
20190912_sample_10,WADVB-10,sub-mouse-WADVB_ses-20190912-sample-10_slice-20190912-slice-9_cell-20190912-sample-10_icephys,sub-mouse-WADVB_ses-20190912-sample-10_slice-20190912-slice-9_cell-20190912-sample-10_icephys.nwb
20190912_sample_2,WADVB-2,sub-mouse-WADVB_ses-20190912-sample-2_slice-20190912-slice-2_cell-20190912-sample-2_icephys,sub-mouse-WADVB_ses-20190912-sample-2_slice-20190912-slice-2_cell-20190912-sample-2_icephys.nwb
20190912_sample_3,WADVB-3,sub-mouse-WADVB_ses-20190912-sample-3_slice-20190912-slice-3_cell-20190912-sample-3_icephys,sub-mouse-WADVB_ses-20190912-sample-3_slice-20190912-slice-3_cell-20190912-sample-3_icephys.nwb
20190912_sample_4,WADVB-4,sub-mouse-WADVB_ses-20190912-sample-4_slice-20190912-slice-3_cell-20190912-sample-4_icephys,sub-mouse-WADVB_ses-20190912-sample-4_slice-20190912-slice-3_cell-20190912-sample-4_icephys.nwb
20190912_sample_6,WADVB-6,sub-mouse-WADVB_ses-20190912-sample-6_slice-20190912-slice-5_cell-20190912-sample-6_icephys,sub-mouse-WADVB_ses-20190912-sample-6_slice-20190912-slice-5_cell-20190912-sample-6_icephys.nwb
20190912_sample_8,WADVB-8,sub-mouse-WADVB_ses-20190912-sample-8_slice-20190912-slice-7_cell-20190912-sample-8_icephys,sub-mouse-WADVB_ses-20190912-sample-8_slice-20190912-slice-7_cell-20190912-sample-8_icephys.nwb
20190917_sample_1,JEJAV-1,sub-mouse-JEJAV_ses-20190917-sample-1_slice-20190917-slice-1_cell-20190917-sample-1_icephys,sub-mouse-JEJAV_ses-20190917-sample-1_slice-20190917-slice-1_cell-20190917-sample-1_icephys.nwb
20190917_sample_2,JEJAV-2,sub-mouse-JEJAV_ses-20190917-sample-2_slice-20190917-slice-2_cell-20190917-sample-2_icephys,sub-mouse-JEJAV_ses-20190917-sample-2_slice-20190917-slice-2_cell-20190917-sample-2_icephys.nwb
20190917_sample_3,JEJAV-3,sub-mouse-JEJAV_ses-20190917-sample-3_slice-20190917-slice-3_cell-20190917-sample-3_icephys,sub-mouse-JEJAV_ses-20190917-sample-3_slice-20190917-slice-3_cell-20190917-sample-3_icephys.nwb
20190919_sample_1,FMODM-1,sub-mouse-FMODM_ses-20190919-sample-1_slice-20190919-slice-1_cell-20190919-sample-1_icephys,sub-mouse-FMODM_ses-20190919-sample-1_slice-20190919-slice-1_cell-20190919-sample-1_icephys.nwb
20190919_sample_4,FMODM-4,sub-mouse-FMODM_ses-20190919-sample-4_slice-20190919-slice-4_cell-20190919-sample-4_icephys,sub-mouse-FMODM_ses-20190919-sample-4_slice-20190919-slice-4_cell-20190919-sample-4_icephys.nwb
20190919_sample_5,FMODM-5,sub-mouse-FMODM_ses-20190919-sample-5_slice-20190919-slice-5_cell-20190919-sample-5_icephys,sub-mouse-FMODM_ses-20190919-sample-5_slice-20190919-slice-5_cell-20190919-sample-5_icephys.nwb
20190924_sample_1,XTXOH-1,sub-mouse-XTXOH_ses-20190924-sample-1_slice-20190924-slice-1_cell-20190924-sample-1_icephys,sub-mouse-XTXOH_ses-20190924-sample-1_slice-20190924-slice-1_cell-20190924-sample-1_icephys.nwb
20190924_sample_2,XTXOH-2,sub-mouse-XTXOH_ses-20190924-sample-2_slice-20190924-slice-2_cell-20190924-sample-2_icephys,sub-mouse-XTXOH_ses-20190924-sample-2_slice-20190924-slice-2_cell-20190924-sample-2_icephys.nwb
20190924_sample_3,XTXOH-3,sub-mouse-XTXOH_ses-20190924-sample-3_slice-20190924-slice-3_cell-20190924-sample-3_icephys,sub-mouse-XTXOH_ses-20190924-sample-3_slice-20190924-slice-3_cell-20190924-sample-3_icephys.nwb
20190924_sample_4,XTXOH-4,sub-mouse-XTXOH_ses-20190924-sample-4_slice-20190924-slice-4_cell-20190924-sample-4_icephys,sub-mouse-XTXOH_ses-20190924-sample-4_slice-20190924-slice-4_cell-20190924-sample-4_icephys.nwb
20190924_sample_5,XTXOH-5,sub-mouse-XTXOH_ses-20190924-sample-5_slice-20190924-slice-5_cell-20190924-sample-5_icephys,sub-mouse-XTXOH_ses-20190924-sample-5_slice-20190924-slice-5_cell-20190924-sample-5_icephys.nwb
20190924_sample_6,XTXOH-6,sub-mouse-XTXOH_ses-20190924-sample-6_slice-20190924-slice-6_cell-20190924-sample-6_icephys,sub-mouse-XTXOH_ses-20190924-sample-6_slice-20190924-slice-6_cell-20190924-sample-6_icephys.nwb
20190924_sample_7,XTXOH-7,sub-mouse-XTXOH_ses-20190924-sample-7_slice-20190924-slice-7_cell-20190924-sample-7_icephys,sub-mouse-XTXOH_ses-20190924-sample-7_slice-20190924-slice-7_cell-20190924-sample-7_icephys.nwb
20190924_sample_8,XTXOH-8,sub-mouse-XTXOH_ses-20190924-sample-8_slice-20190924-slice-8_cell-20190924-sample-8_icephys,sub-mouse-XTXOH_ses-20190924-sample-8_slice-20190924-slice-8_cell-20190924-sample-8_icephys.nwb
20190925_sample_2,EODLM-2,sub-mouse-EODLM_ses-20190925-sample-2_slice-20190925-slice-2_cell-20190925-sample-2_icephys,sub-mouse-EODLM_ses-20190925-sample-2_slice-20190925-slice-2_cell-20190925-sample-2_icephys.nwb
20190925_sample_3,EODLM-3,sub-mouse-EODLM_ses-20190925-sample-3_slice-20190925-slice-3_cell-20190925-sample-3_icephys,sub-mouse-EODLM_ses-20190925-sample-3_slice-20190925-slice-3_cell-20190925-sample-3_icephys.nwb
20190925_sample_4,EODLM-4,sub-mouse-EODLM_ses-20190925-sample-4_slice-20190925-slice-4_cell-20190925-sample-4_icephys,sub-mouse-EODLM_ses-20190925-sample-4_slice-20190925-slice-4_cell-20190925-sample-4_icephys.nwb
20190925_sample_5,EODLM-5,sub-mouse-EODLM_ses-20190925-sample-5_slice-20190925-slice-5_cell-20190925-sample-5_icephys,sub-mouse-EODLM_ses-20190925-sample-5_slice-20190925-slice-5_cell-20190925-sample-5_icephys.nwb
20190925_sample_6,EODLM-6,sub-mouse-EODLM_ses-20190925-sample-6_slice-20190925-slice-6_cell-20190925-sample-6_icephys,sub-mouse-EODLM_ses-20190925-sample-6_slice-20190925-slice-6_cell-20190925-sample-6_icephys.nwb
20190925_sample_7,EODLM-7,sub-mouse-EODLM_ses-20190925-sample-7_slice-20190925-slice-7_cell-20190925-sample-7_icephys,sub-mouse-EODLM_ses-20190925-sample-7_slice-20190925-slice-7_cell-20190925-sample-7_icephys.nwb
20190926_sample_2,BSSDD-2,sub-mouse-BSSDD_ses-20190926-sample-2_slice-20190926-slice-2_cell-20190926-sample-2_icephys,sub-mouse-BSSDD_ses-20190926-sample-2_slice-20190926-slice-2_cell-20190926-sample-2_icephys.nwb
20190926_sample_3,BSSDD-3,sub-mouse-BSSDD_ses-20190926-sample-3_slice-20190926-slice-3_cell-20190926-sample-3_icephys,sub-mouse-BSSDD_ses-20190926-sample-3_slice-20190926-slice-3_cell-20190926-sample-3_icephys.nwb
20190926_sample_4,BSSDD-4,sub-mouse-BSSDD_ses-20190926-sample-4_slice-20190926-slice-4_cell-20190926-sample-4_icephys,sub-mouse-BSSDD_ses-20190926-sample-4_slice-20190926-slice-4_cell-20190926-sample-4_icephys.nwb
20190926_sample_5,BSSDD-5,sub-mouse-BSSDD_ses-20190926-sample-5_slice-20190926-slice-5_cell-20190926-sample-5_icephys,sub-mouse-BSSDD_ses-20190926-sample-5_slice-20190926-slice-5_cell-20190926-sample-5_icephys.nwb
20190926_sample_6,BSSDD-6,sub-mouse-BSSDD_ses-20190926-sample-6_slice-20190926-slice-6_cell-20190926-sample-6_icephys,sub-mouse-BSSDD_ses-20190926-sample-6_slice-20190926-slice-6_cell-20190926-sample-6_icephys.nwb
20190927_sample_1,ZKETK-1,sub-mouse-ZKETK_ses-20190927-sample-1_slice-20190927-slice-1_cell-20190927-sample-1_icephys,sub-mouse-ZKETK_ses-20190927-sample-1_slice-20190927-slice-1_cell-20190927-sample-1_icephys.nwb
20190927_sample_2,ZKETK-2,sub-mouse-ZKETK_ses-20190927-sample-2_slice-20190927-slice-2_cell-20190927-sample-2_icephys,sub-mouse-ZKETK_ses-20190927-sample-2_slice-20190927-slice-2_cell-20190927-sample-2_icephys.nwb
20190927_sample_3,ZKETK-3,sub-mouse-ZKETK_ses-20190927-sample-3_slice-20190927-slice-3_cell-20190927-sample-3_icephys,sub-mouse-ZKETK_ses-20190927-sample-3_slice-20190927-slice-3_cell-20190927-sample-3_icephys.nwb
20190927_sample_4,ZKETK-4,sub-mouse-ZKETK_ses-20190927-sample-4_slice-20190927-slice-4_cell-20190927-sample-4_icephys,sub-mouse-ZKETK_ses-20190927-sample-4_slice-20190927-slice-4_cell-20190927-sample-4_icephys.nwb
20190927_sample_5,ZKETK-5,sub-mouse-ZKETK_ses-20190927-sample-5_slice-20190927-slice-5_cell-20190927-sample-5_icephys,sub-mouse-ZKETK_ses-20190927-sample-5_slice-20190927-slice-5_cell-20190927-sample-5_icephys.nwb
20190927_sample_6,ZKETK-6,sub-mouse-ZKETK_ses-20190927-sample-6_slice-20190927-slice-6_cell-20190927-sample-6_icephys,sub-mouse-ZKETK_ses-20190927-sample-6_slice-20190927-slice-6_cell-20190927-sample-6_icephys.nwb
20190927_sample_7,ZKETK-7,sub-mouse-ZKETK_ses-20190927-sample-7_slice-20190927-slice-7_cell-20190927-sample-7_icephys,sub-mouse-ZKETK_ses-20190927-sample-7_slice-20190927-slice-7_cell-20190927-sample-7_icephys.nwb
20191001_sample_1,JHFFH-1,sub-mouse-JHFFH_ses-20191001-sample-1_slice-20191001-slice-1_cell-20191001-sample-1_icephys,sub-mouse-JHFFH_ses-20191001-sample-1_slice-20191001-slice-1_cell-20191001-sample-1_icephys.nwb
20191001_sample_2,JHFFH-2,sub-mouse-JHFFH_ses-20191001-sample-2_slice-20191001-slice-2_cell-20191001-sample-2_icephys,sub-mouse-JHFFH_ses-20191001-sample-2_slice-20191001-slice-2_cell-20191001-sample-2_icephys.nwb
20191001_sample_3,JHFFH-3,sub-mouse-JHFFH_ses-20191001-sample-3_slice-20191001-slice-3_cell-20191001-sample-3_icephys,sub-mouse-JHFFH_ses-20191001-sample-3_slice-20191001-slice-3_cell-20191001-sample-3_icephys.nwb
20191001_sample_4,JHFFH-4,sub-mouse-JHFFH_ses-20191001-sample-4_slice-20191001-slice-4_cell-20191001-sample-4_icephys,sub-mouse-JHFFH_ses-20191001-sample-4_slice-20191001-slice-4_cell-20191001-sample-4_icephys.nwb
20191001_sample_5,JHFFH-5,sub-mouse-JHFFH_ses-20191001-sample-5_slice-20191001-slice-5_cell-20191001-sample-5_icephys,sub-mouse-JHFFH_ses-20191001-sample-5_slice-20191001-slice-5_cell-20191001-sample-5_icephys.nwb
20191001_sample_6,JHFFH-6,sub-mouse-JHFFH_ses-20191001-sample-6_slice-20191001-slice-6_cell-20191001-sample-6_icephys,sub-mouse-JHFFH_ses-20191001-sample-6_slice-20191001-slice-6_cell-20191001-sample-6_icephys.nwb
20191003_sample_2,WOZNK-2,sub-mouse-WOZNK_ses-20191003-sample-2_slice-20191003-slice-2_cell-20191003-sample-2_icephys,sub-mouse-WOZNK_ses-20191003-sample-2_slice-20191003-slice-2_cell-20191003-sample-2_icephys.nwb
20191003_sample_3,WOZNK-3,sub-mouse-WOZNK_ses-20191003-sample-3_slice-20191003-slice-3_cell-20191003-sample-3_icephys,sub-mouse-WOZNK_ses-20191003-sample-3_slice-20191003-slice-3_cell-20191003-sample-3_icephys.nwb
20191003_sample_4,WOZNK-4,sub-mouse-WOZNK_ses-20191003-sample-4_slice-20191003-slice-4_cell-20191003-sample-4_icephys,sub-mouse-WOZNK_ses-20191003-sample-4_slice-20191003-slice-4_cell-20191003-sample-4_icephys.nwb
20191003_sample_5,WOZNK-5,sub-mouse-WOZNK_ses-20191003-sample-5_slice-20191003-slice-5_cell-20191003-sample-5_icephys,sub-mouse-WOZNK_ses-20191003-sample-5_slice-20191003-slice-5_cell-20191003-sample-5_icephys.nwb
20191003_sample_6,WOZNK-6,sub-mouse-WOZNK_ses-20191003-sample-6_slice-20191003-slice-5_cell-20191003-sample-6_icephys,sub-mouse-WOZNK_ses-20191003-sample-6_slice-20191003-slice-5_cell-20191003-sample-6_icephys.nwb
20191010_sample_1,LZMHR-1,sub-mouse-LZMHR_ses-20191010-sample-1_slice-20191010-slice-1_cell-20191010-sample-1_icephys,sub-mouse-LZMHR_ses-20191010-sample-1_slice-20191010-slice-1_cell-20191010-sample-1_icephys.nwb
20191010_sample_2,LZMHR-2,sub-mouse-LZMHR_ses-20191010-sample-2_slice-20191010-slice-2_cell-20191010-sample-2_icephys,sub-mouse-LZMHR_ses-20191010-sample-2_slice-20191010-slice-2_cell-20191010-sample-2_icephys.nwb
20191010_sample_3,LZMHR-3,sub-mouse-LZMHR_ses-20191010-sample-3_slice-20191010-slice-3_cell-20191010-sample-3_icephys,sub-mouse-LZMHR_ses-20191010-sample-3_slice-20191010-slice-3_cell-20191010-sample-3_icephys.nwb
20191010_sample_4,LZMHR-4,sub-mouse-LZMHR_ses-20191010-sample-4_slice-20191010-slice-4_cell-20191010-sample-4_icephys,sub-mouse-LZMHR_ses-20191010-sample-4_slice-20191010-slice-4_cell-20191010-sample-4_icephys.nwb
20191010_sample_6,LZMHR-6,sub-mouse-LZMHR_ses-20191010-sample-6_slice-20191010-slice-6_cell-20191010-sample-6_icephys,sub-mouse-LZMHR_ses-20191010-sample-6_slice-20191010-slice-6_cell-20191010-sample-6_icephys.nwb
20191010_sample_7,LZMHR-7,sub-mouse-LZMHR_ses-20191010-sample-7_slice-20191010-slice-7_cell-20191010-sample-7_icephys,sub-mouse-LZMHR_ses-20191010-sample-7_slice-20191010-slice-7_cell-20191010-sample-7_icephys.nwb
20191028_sample_1,YAOHK-1,sub-mouse-YAOHK_ses-20191028-sample-1_slice-20191028-slice-1_cell-20191028-sample-1_icephys,sub-mouse-YAOHK_ses-20191028-sample-1_slice-20191028-slice-1_cell-20191028-sample-1_icephys.nwb
20191028_sample_2,YAOHK-2,sub-mouse-YAOHK_ses-20191028-sample-2_slice-20191028-slice-2_cell-20191028-sample-2_icephys,sub-mouse-YAOHK_ses-20191028-sample-2_slice-20191028-slice-2_cell-20191028-sample-2_icephys.nwb
20191028_sample_3,YAOHK-3,sub-mouse-YAOHK_ses-20191028-sample-3_slice-20191028-slice-3_cell-20191028-sample-3_icephys,sub-mouse-YAOHK_ses-20191028-sample-3_slice-20191028-slice-3_cell-20191028-sample-3_icephys.nwb
20191028_sample_4,YAOHK-4,sub-mouse-YAOHK_ses-20191028-sample-4_slice-20191028-slice-4_cell-20191028-sample-4_icephys,sub-mouse-YAOHK_ses-20191028-sample-4_slice-20191028-slice-4_cell-20191028-sample-4_icephys.nwb
20191028_sample_5,YAOHK-5,sub-mouse-YAOHK_ses-20191028-sample-5_slice-20191028-slice-5_cell-20191028-sample-5_icephys,sub-mouse-YAOHK_ses-20191028-sample-5_slice-20191028-slice-5_cell-20191028-sample-5_icephys.nwb
20191030_sample_2,LLDPD-2,sub-mouse-LLDPD_ses-20191030-sample-2_slice-20191030-slice-2_cell-20191030-sample-2_icephys,sub-mouse-LLDPD_ses-20191030-sample-2_slice-20191030-slice-2_cell-20191030-sample-2_icephys.nwb
20191030_sample_3,LLDPD-3,sub-mouse-LLDPD_ses-20191030-sample-3_slice-20191030-slice-3_cell-20191030-sample-3_icephys,sub-mouse-LLDPD_ses-20191030-sample-3_slice-20191030-slice-3_cell-20191030-sample-3_icephys.nwb
20191030_sample_4,LLDPD-4,sub-mouse-LLDPD_ses-20191030-sample-4_slice-20191030-slice-4_cell-20191030-sample-4_icephys,sub-mouse-LLDPD_ses-20191030-sample-4_slice-20191030-slice-4_cell-20191030-sample-4_icephys.nwb
20191030_sample_5,LLDPD-5,sub-mouse-LLDPD_ses-20191030-sample-5_slice-20191030-slice-5_cell-20191030-sample-5_icephys,sub-mouse-LLDPD_ses-20191030-sample-5_slice-20191030-slice-5_cell-20191030-sample-5_icephys.nwb
20191101_sample_1,EXEHJ-1,sub-mouse-EXEHJ_ses-20191101-sample-1_slice-20191101-slice-1_cell-20191101-sample-1_icephys,sub-mouse-EXEHJ_ses-20191101-sample-1_slice-20191101-slice-1_cell-20191101-sample-1_icephys.nwb
20191101_sample_2,EXEHJ-2,sub-mouse-EXEHJ_ses-20191101-sample-2_slice-20191101-slice-2_cell-20191101-sample-2_icephys,sub-mouse-EXEHJ_ses-20191101-sample-2_slice-20191101-slice-2_cell-20191101-sample-2_icephys.nwb
20191101_sample_3,EXEHJ-3,sub-mouse-EXEHJ_ses-20191101-sample-3_slice-20191101-slice-3_cell-20191101-sample-3_icephys,sub-mouse-EXEHJ_ses-20191101-sample-3_slice-20191101-slice-3_cell-20191101-sample-3_icephys.nwb
20191101_sample_4,EXEHJ-4,sub-mouse-EXEHJ_ses-20191101-sample-4_slice-20191101-slice-4_cell-20191101-sample-4_icephys,sub-mouse-EXEHJ_ses-20191101-sample-4_slice-20191101-slice-4_cell-20191101-sample-4_icephys.nwb
20191101_sample_5,EXEHJ-5,sub-mouse-EXEHJ_ses-20191101-sample-5_slice-20191101-slice-5_cell-20191101-sample-5_icephys,sub-mouse-EXEHJ_ses-20191101-sample-5_slice-20191101-slice-5_cell-20191101-sample-5_icephys.nwb
20191101_sample_6,EXEHJ-6,sub-mouse-EXEHJ_ses-20191101-sample-6_slice-20191101-slice-6_cell-20191101-sample-6_icephys,sub-mouse-EXEHJ_ses-20191101-sample-6_slice-20191101-slice-6_cell-20191101-sample-6_icephys.nwb
20191104_sample_1,KFMKE-1,sub-mouse-KFMKE_ses-20191104-sample-1_slice-20191104-slice-1_cell-20191104-sample-1_icephys,sub-mouse-KFMKE_ses-20191104-sample-1_slice-20191104-slice-1_cell-20191104-sample-1_icephys.nwb
20191104_sample_2,KFMKE-2,sub-mouse-KFMKE_ses-20191104-sample-2_slice-20191104-slice-2_cell-20191104-sample-2_icephys,sub-mouse-KFMKE_ses-20191104-sample-2_slice-20191104-slice-2_cell-20191104-sample-2_icephys.nwb
20191104_sample_3,KFMKE-3,sub-mouse-KFMKE_ses-20191104-sample-3_slice-20191104-slice-3_cell-20191104-sample-3_icephys,sub-mouse-KFMKE_ses-20191104-sample-3_slice-20191104-slice-3_cell-20191104-sample-3_icephys.nwb
20191104_sample_4,KFMKE-4,sub-mouse-KFMKE_ses-20191104-sample-4_slice-20191104-slice-4_cell-20191104-sample-4_icephys,sub-mouse-KFMKE_ses-20191104-sample-4_slice-20191104-slice-4_cell-20191104-sample-4_icephys.nwb
20191105_sample_1,QZIVS-1,sub-mouse-QZIVS_ses-20191105-sample-1_slice-20191105-slice-1_cell-20191105-sample-1_icephys,sub-mouse-QZIVS_ses-20191105-sample-1_slice-20191105-slice-1_cell-20191105-sample-1_icephys.nwb
20191105_sample_2,QZIVS-2,sub-mouse-QZIVS_ses-20191105-sample-2_slice-20191105-slice-2_cell-20191105-sample-2_icephys,sub-mouse-QZIVS_ses-20191105-sample-2_slice-20191105-slice-2_cell-20191105-sample-2_icephys.nwb
20191105_sample_3,QZIVS-3,sub-mouse-QZIVS_ses-20191105-sample-3_slice-20191105-slice-3_cell-20191105-sample-3_icephys,sub-mouse-QZIVS_ses-20191105-sample-3_slice-20191105-slice-3_cell-20191105-sample-3_icephys.nwb
20191105_sample_4,QZIVS-4,sub-mouse-QZIVS_ses-20191105-sample-4_slice-20191105-slice-4_cell-20191105-sample-4_icephys,sub-mouse-QZIVS_ses-20191105-sample-4_slice-20191105-slice-4_cell-20191105-sample-4_icephys.nwb
20191105_sample_5,QZIVS-5,sub-mouse-QZIVS_ses-20191105-sample-5_slice-20191105-slice-5_cell-20191105-sample-5_icephys,sub-mouse-QZIVS_ses-20191105-sample-5_slice-20191105-slice-5_cell-20191105-sample-5_icephys.nwb
20191106_sample_2,NHIVK-2,sub-mouse-NHIVK_ses-20191106-sample-2_slice-20191106-slice-2_cell-20191106-sample-2_icephys,sub-mouse-NHIVK_ses-20191106-sample-2_slice-20191106-slice-2_cell-20191106-sample-2_icephys.nwb
20191106_sample_3,NHIVK-3,sub-mouse-NHIVK_ses-20191106-sample-3_slice-20191106-slice-3_cell-20191106-sample-3_icephys,sub-mouse-NHIVK_ses-20191106-sample-3_slice-20191106-slice-3_cell-20191106-sample-3_icephys.nwb
20191106_sample_5,NHIVK-5,sub-mouse-NHIVK_ses-20191106-sample-5_slice-20191106-slice-5_cell-20191106-sample-5_icephys,sub-mouse-NHIVK_ses-20191106-sample-5_slice-20191106-slice-5_cell-20191106-sample-5_icephys.nwb
20191107_sample_1,WANEU-1,sub-mouse-WANEU_ses-20191107-sample-1_slice-20191107-slice-1_cell-20191107-sample-1_icephys,sub-mouse-WANEU_ses-20191107-sample-1_slice-20191107-slice-1_cell-20191107-sample-1_icephys.nwb
20191107_sample_2,WANEU-2,sub-mouse-WANEU_ses-20191107-sample-2_slice-20191107-slice-2_cell-20191107-sample-2_icephys,sub-mouse-WANEU_ses-20191107-sample-2_slice-20191107-slice-2_cell-20191107-sample-2_icephys.nwb
20191107_sample_3,WANEU-3,sub-mouse-WANEU_ses-20191107-sample-3_slice-20191107-slice-3_cell-20191107-sample-3_icephys,sub-mouse-WANEU_ses-20191107-sample-3_slice-20191107-slice-3_cell-20191107-sample-3_icephys.nwb
20191107_sample_4,WANEU-4,sub-mouse-WANEU_ses-20191107-sample-4_slice-20191107-slice-4_cell-20191107-sample-4_icephys,sub-mouse-WANEU_ses-20191107-sample-4_slice-20191107-slice-4_cell-20191107-sample-4_icephys.nwb
20191108_sample_1,ZNDVW-1,sub-mouse-ZNDVW_ses-20191108-sample-1_slice-20191108-slice-1_cell-20191108-sample-1_icephys,sub-mouse-ZNDVW_ses-20191108-sample-1_slice-20191108-slice-1_cell-20191108-sample-1_icephys.nwb
20191108_sample_4,ZNDVW-4,sub-mouse-ZNDVW_ses-20191108-sample-4_slice-20191108-slice-4_cell-20191108-sample-4_icephys,sub-mouse-ZNDVW_ses-20191108-sample-4_slice-20191108-slice-4_cell-20191108-sample-4_icephys.nwb
20191108_sample_5,ZNDVW-5,sub-mouse-ZNDVW_ses-20191108-sample-5_slice-20191108-slice-5_cell-20191108-sample-5_icephys,sub-mouse-ZNDVW_ses-20191108-sample-5_slice-20191108-slice-5_cell-20191108-sample-5_icephys.nwb
20191114_sample_1,YAVWS-1,sub-mouse-YAVWS_ses-20191114-sample-1_slice-20191114-slice-1_cell-20191114-sample-1_icephys,sub-mouse-YAVWS_ses-20191114-sample-1_slice-20191114-slice-1_cell-20191114-sample-1_icephys.nwb
20191114_sample_2,YAVWS-2,sub-mouse-YAVWS_ses-20191114-sample-2_slice-20191114-slice-2_cell-20191114-sample-2_icephys,sub-mouse-YAVWS_ses-20191114-sample-2_slice-20191114-slice-2_cell-20191114-sample-2_icephys.nwb
20191114_sample_3,YAVWS-3,sub-mouse-YAVWS_ses-20191114-sample-3_slice-20191114-slice-2_cell-20191114-sample-3_icephys,sub-mouse-YAVWS_ses-20191114-sample-3_slice-20191114-slice-2_cell-20191114-sample-3_icephys.nwb
20191114_sample_4,YAVWS-4,sub-mouse-YAVWS_ses-20191114-sample-4_slice-20191114-slice-3_cell-20191114-sample-4_icephys,sub-mouse-YAVWS_ses-20191114-sample-4_slice-20191114-slice-3_cell-20191114-sample-4_icephys.nwb
20191114_sample_5,YAVWS-5,sub-mouse-YAVWS_ses-20191114-sample-5_slice-20191114-slice-4_cell-20191114-sample-5_icephys,sub-mouse-YAVWS_ses-20191114-sample-5_slice-20191114-slice-4_cell-20191114-sample-5_icephys.nwb
20191114_sample_7,YAVWS-7,sub-mouse-YAVWS_ses-20191114-sample-7_slice-20191114-slice-6_cell-20191114-sample-7_icephys,sub-mouse-YAVWS_ses-20191114-sample-7_slice-20191114-slice-6_cell-20191114-sample-7_icephys.nwb
20191114_sample_8,YAVWS-8,sub-mouse-YAVWS_ses-20191114-sample-8_slice-20191114-slice-7_cell-20191114-sample-8_icephys,sub-mouse-YAVWS_ses-20191114-sample-8_slice-20191114-slice-7_cell-20191114-sample-8_icephys.nwb
20191114_sample_9,YAVWS-9,sub-mouse-YAVWS_ses-20191114-sample-9_slice-20191114-slice-8_cell-20191114-sample-9_icephys,sub-mouse-YAVWS_ses-20191114-sample-9_slice-20191114-slice-8_cell-20191114-sample-9_icephys.nwb
20200106_sample_1,NYQSO-1,sub-mouse-NYQSO_ses-20200106-sample-1_slice-20200106-slice-1_cell-20200106-sample-1_icephys,sub-mouse-NYQSO_ses-20200106-sample-1_slice-20200106-slice-1_cell-20200106-sample-1_icephys.nwb
20200106_sample_4,NYQSO-4,sub-mouse-NYQSO_ses-20200106-sample-4_slice-20200106-slice-4_cell-20200106-sample-4_icephys,sub-mouse-NYQSO_ses-20200106-sample-4_slice-20200106-slice-4_cell-20200106-sample-4_icephys.nwb
20200106_sample_5,NYQSO-5,sub-mouse-NYQSO_ses-20200106-sample-5_slice-20200106-slice-5_cell-20200106-sample-5_icephys,sub-mouse-NYQSO_ses-20200106-sample-5_slice-20200106-slice-5_cell-20200106-sample-5_icephys.nwb
20200106_sample_6,NYQSO-6,sub-mouse-NYQSO_ses-20200106-sample-6_slice-20200106-slice-6_cell-20200106-sample-6_icephys,sub-mouse-NYQSO_ses-20200106-sample-6_slice-20200106-slice-6_cell-20200106-sample-6_icephys.nwb
20200225_sample_2,NGMHT-2,sub-mouse-NGMHT_ses-20200225-sample-2_slice-20200225-slice-2_cell-20200225-sample-2_icephys,sub-mouse-NGMHT_ses-20200225-sample-2_slice-20200225-slice-2_cell-20200225-sample-2_icephys.nwb
20200225_sample_5,NGMHT-5,sub-mouse-NGMHT_ses-20200225-sample-5_slice-20200225-slice-5_cell-20200225-sample-5_icephys,sub-mouse-NGMHT_ses-20200225-sample-5_slice-20200225-slice-5_cell-20200225-sample-5_icephys.nwb
20200316_sample_1,PEXPN-1,sub-mouse-PEXPN_ses-20200316-sample-1_slice-20200316-slice-1_cell-20200316-sample-1_icephys,sub-mouse-PEXPN_ses-20200316-sample-1_slice-20200316-slice-1_cell-20200316-sample-1_icephys.nwb
20200316_sample_2,PEXPN-2,sub-mouse-PEXPN_ses-20200316-sample-2_slice-20200316-slice-2_cell-20200316-sample-2_icephys,sub-mouse-PEXPN_ses-20200316-sample-2_slice-20200316-slice-2_cell-20200316-sample-2_icephys.nwb
20200316_sample_3,PEXPN-3,sub-mouse-PEXPN_ses-20200316-sample-3_slice-20200316-slice-3_cell-20200316-sample-3_icephys,sub-mouse-PEXPN_ses-20200316-sample-3_slice-20200316-slice-3_cell-20200316-sample-3_icephys.nwb
